home_geoid,work_geoid,earnings,naics
26734,27274,2,81
26734,27274,2,21
26734,27274,1,81
26734,27265,4,48-49
26734,27265,1,81
26734,27262,1,81
26734,27262,2,23
26734,27256,1,81
26734,27259,2,72
26734,27259,4,81
26734,27259,2,81
26734,27289,3,61
26734,27289,1,81
26737,27298,3,48-49
26737,27274,4,72
26737,27274,4,81
26737,27274,3,23
26737,27274,3,81
26737,27274,4,81
26737,27274,4,81
26737,27265,4,81
26737,27265,4,48-49
26737,27262,4,81
26737,27262,4,21
26737,27262,2,81
26737,27262,1,81
26737,27256,4,61
26737,27256,3,81
26737,27256,1,48-49
26737,27259,2,62
26737,27259,4,48-49
26737,27289,3,61
26737,27277,3,72
26737,27277,2,81
26737,27277,3,62
26737,27277,4,48-49
26740,27298,4,81
26740,27298,1,52
26740,27274,1,81
26740,27274,3,81
26740,27274,4,81
26740,27265,2,81
26740,27265,4,62
26740,27262,3,81
26740,27262,4,81
26740,27262,1,81
26740,27262,4,81
26740,27262,4,61
26740,27259,2,81
26740,27259,4,81
26740,27259,4,48-49
26740,27259,4,48-49
26740,27289,4,92
26740,27289,4,21
26740,27289,2,81
26740,27289,4,81
26740,27289,4,81
26740,27289,4,23
26740,27289,4,81
26740,27289,4,81
26740,27289,1,81
26740,27298,1,81
26740,27298,1,81
26740,27274,1,81
26740,27274,1,81
26740,27274,1,81
26740,27274,3,48-49
26740,27274,4,61
26740,27274,4,72
26740,27274,1,81
26740,27274,4,48-49
26740,27265,4,81
26740,27265,4,81
26740,27265,4,81
26740,27265,1,23
26740,27265,2,62
26740,27265,2,61
26740,27265,2,81
26740,27262,1,81
26740,27262,1,72
26740,27262,1,92
26740,27262,4,81
26740,27256,3,81
26740,27256,2,81
26740,27259,4,81
26740,27259,4,21
26740,27259,4,61
26740,27259,1,48-49
26740,27259,4,81
26740,27289,1,61
26740,27289,1,21
26740,27289,1,81
26740,27289,2,48-49
26740,27277,1,81
26740,27277,4,62
26740,27265,4,72
26740,27262,3,81
26740,27262,4,81
26740,27262,2,81
26740,27262,4,92
26740,27262,4,81
26740,27262,4,61
26740,27262,2,81
26740,27262,4,81
26740,27256,4,48-49
26740,27256,3,52
26740,27256,4,48-49
26740,27259,2,81
26740,27259,4,81
26740,27289,1,81
26743,27274,1,52
26743,27274,1,81
26743,27274,1,72
26743,27274,2,48-49
26743,27274,1,81
26743,27274,1,72
26743,27274,1,48-49
26743,27265,3,62
26743,27265,3,23
26743,27265,3,81
26743,27265,1,81
26743,27265,3,81
26743,27262,3,81
26743,27262,1,81
26743,27262,4,92
26743,27262,2,81
26743,27262,3,81
26743,27262,1,81
26743,27262,4,81
26743,27262,4,81
26743,27262,3,62
26743,27262,2,72
26743,27262,2,81
26743,27262,3,81
26743,27262,3,81
26743,27256,3,52
26743,27256,3,48-49
26743,27256,3,81
26743,27256,3,23
26743,27256,3,81
26743,27259,2,21
26743,27259,1,81
26743,27259,3,52
26743,27259,3,61
26743,27259,4,81
26743,27259,1,81
26743,27259,3,81
26743,27259,1,23
26743,27259,1,61
26743,27289,1,81
26743,27289,2,81
26743,27289,1,23
26743,27277,4,81
26743,27277,4,62
26743,27277,1,61
26743,27277,2,62
26743,27277,1,48-49
26749,27298,2,81
26749,27274,4,48-49
26749,27274,4,81
26749,27274,1,81
26749,27274,3,61
26749,27265,3,48-49
26749,27265,2,23
26749,27265,3,81
26749,27265,2,81
26749,27265,4,61
26749,27262,1,81
26749,27262,3,81
26749,27256,2,48-49
26749,27256,4,21
26749,27259,4,81
26749,27259,4,21
26749,27259,1,72
26749,27259,4,72
26749,27289,1,23
26749,27289,1,81
26749,27289,3,81
26749,27289,3,72
26758,27274,3,48-49
26758,27274,3,92
26758,27274,4,81
26758,27265,4,72
26758,27265,3,81
26758,27265,1,81
26758,27265,4,61
26758,27262,3,81
26758,27262,4,81
26758,27262,1,92
26758,27256,4,81
26758,27256,4,81
26758,27256,4,21
26758,27256,4,81
26758,27256,3,48-49
26758,27256,3,81
26758,27256,1,62
26758,27259,4,61
26758,27259,1,72
26758,27259,4,81
26758,27289,3,81
26758,27289,4,81
26758,27289,3,81
26758,27289,1,81
26758,27277,4,23
26758,27277,4,21
26758,27274,3,81
26758,27262,3,81
26758,27256,1,52
26758,27259,1,72
26758,27259,4,21
26758,27259,4,72
26758,27259,3,21
26758,27259,4,21
26746,27298,4,52
26746,27298,4,61
26746,27265,2,21
26746,27265,3,81
26746,27265,3,81
26746,27265,3,81
26746,27265,1,48-49
26746,27265,3,48-49
26746,27265,4,81
26746,27265,1,81
26746,27265,3,81
26746,27262,3,81
26746,27262,2,81
26746,27262,3,81
26746,27262,3,81
26746,27262,1,48-49
26746,27262,3,81
26746,27262,3,81
26746,27262,4,62
26746,27262,4,81
26746,27262,2,81
26746,27262,3,81
26746,27256,3,62
26746,27256,4,81
26746,27256,3,92
26746,27256,1,72
26746,27256,2,81
26746,27256,3,81
26746,27256,4,48-49
26746,27256,3,81
26746,27259,4,81
26746,27259,3,21
26746,27259,1,21
26746,27259,3,61
26746,27289,3,48-49
26746,27289,4,81
26746,27289,4,21
26746,27289,4,21
26746,27277,1,48-49
26752,27298,4,21
26752,27298,1,48-49
26752,27298,2,21
26752,27298,4,48-49
26752,27298,1,48-49
26752,27298,3,11
26752,27298,3,21
26752,27274,2,52
26752,27274,3,52
26752,27274,1,48-49
26752,27274,2,81
26752,27274,3,81
26752,27274,1,81
26752,27274,1,81
26752,27274,2,81
26752,27265,2,81
26752,27265,1,81
26752,27265,3,81
26752,27265,1,81
26752,27265,3,48-49
26752,27265,2,81
26752,27265,3,81
26752,27265,3,23
26752,27265,4,23
26752,27262,1,81
26752,27262,3,81
26752,27256,1,81
26752,27256,2,81
26752,27256,4,21
26752,27259,2,81
26752,27259,4,23
26752,27259,4,81
26752,27259,4,72
26752,27289,1,23
26752,27289,2,81
26761,27274,2,81
26761,27265,3,92
26761,27259,3,21
26761,27259,4,61
26761,27259,3,81
26761,27277,2,48-49
27160,27274,2,61
27154,27274,4,21
27154,27265,1,81
27154,27256,1,23
27154,27259,4,61
27154,27259,4,81
27154,27259,1,21
27148,27274,3,81
27148,27274,1,52
27148,27259,1,48-49
27148,27259,1,81
27148,27259,1,23
27151,27274,4,72
27151,27256,4,81
27151,27256,4,48-49
27139,27298,1,21
27139,27274,4,81
27139,27274,4,81
27139,27274,1,81
27139,27265,2,72
27139,27265,4,81
27139,27262,4,21
27139,27262,4,81
27139,27262,4,81
27139,27262,4,81
27139,27262,4,81
27139,27262,4,23
27139,27262,4,81
27139,27256,2,81
27139,27259,2,21
27139,27259,4,21
27139,27289,4,81
27139,27289,2,81
27139,27289,3,21
27139,27289,2,81
27139,27289,2,52
27139,27289,4,92
27139,27277,1,81
27139,27277,4,81
27139,27274,4,81
27139,27274,2,52
27139,27274,2,81
27139,27274,4,21
27139,27262,4,81
27139,27262,1,81
27139,27262,4,61
27124,27274,4,48-49
27124,27265,1,81
27124,27265,1,81
27124,27259,1,52
27124,27289,3,81
27121,27274,3,21
27121,27274,3,48-49
27121,27274,3,81
27121,27274,4,81
27121,27274,4,81
27121,27274,2,48-49
27121,27274,1,81
27121,27274,3,72
27121,27274,3,21
27121,27274,1,21
27121,27262,1,81
27121,27262,1,81
27121,27262,3,23
27121,27262,2,81
27121,27262,3,81
27121,27256,4,81
27142,27256,2,92
27142,27259,4,52
27142,27289,3,81
27142,27289,1,81
27133,27265,3,72
27133,27262,3,81
27133,27262,2,81
27133,27256,4,81
27133,27256,4,81
27133,27256,2,23
27133,27256,3,81
27133,27256,4,48-49
27133,27256,3,61
27133,27259,3,81
27133,27259,2,81
27130,27298,2,48-49
27130,27262,2,81
27130,27256,2,62
27127,27265,1,23
27127,27259,4,48-49
27127,27259,3,81
27298,26737,1,52
27298,26740,1,52
27298,26740,1,48-49
27298,26740,1,21
27298,26749,1,81
27298,26746,1,48-49
27298,26746,1,48-49
27298,26752,3,92
27298,26752,1,21
27298,26752,1,81
27298,26752,3,81
27298,26752,1,62
27298,26752,3,52
27298,26752,1,81
27298,27139,1,21
27298,27130,1,81
27298,27298,2,52
27298,27298,1,61
27298,27298,1,61
27298,27298,1,81
27298,27298,2,48-49
27298,27298,1,52
27298,27298,1,81
27298,27298,1,62
27298,27298,1,81
27298,27298,2,81
27298,27298,2,62
27298,27298,2,11
27298,27298,2,48-49
27298,27298,1,81
27298,27298,1,81
27298,27298,1,81
27298,27298,2,48-49
27298,27298,1,81
27298,27298,1,11
27298,27298,1,81
27298,27298,1,48-49
27298,27298,1,21
27298,27298,1,81
27298,27298,1,62
27298,27298,1,48-49
27298,27298,1,21
27298,27298,2,81
27298,27298,1,81
27298,27298,3,81
27298,27298,2,21
27298,27298,1,81
27298,27298,3,81
27298,27298,1,48-49
27298,27298,1,48-49
27298,27298,2,48-49
27298,27298,1,48-49
27298,27298,1,81
27298,27298,3,81
27298,27298,1,81
27298,27298,1,62
27298,27298,1,21
27298,27298,2,48-49
27298,27298,1,72
27298,27298,1,81
27298,27298,2,52
27298,27298,1,48-49
27298,27298,1,48-49
27298,27298,1,48-49
27298,27298,2,48-49
27298,27298,1,81
27298,27298,1,21
27298,27298,2,61
27298,27298,2,61
27298,27298,1,48-49
27298,27298,1,81
27298,27298,1,81
27298,27298,1,92
27298,27298,1,81
27298,27298,1,81
27298,27298,1,21
27298,27298,1,61
27298,27298,2,81
27298,27298,1,81
27298,27298,2,81
27298,27298,1,23
27298,27298,1,81
27298,27298,2,21
27298,27298,1,11
27298,27298,1,52
27298,27298,1,52
27298,27298,2,81
27298,27298,1,52
27298,27298,2,81
27298,27298,1,81
27298,27298,1,52
27298,27298,1,48-49
27298,27298,3,48-49
27298,27298,3,21
27298,27298,1,81
27298,27298,1,81
27298,27298,1,52
27298,27298,1,72
27298,27298,2,81
27298,27298,3,81
27298,27298,1,81
27298,27298,1,11
27298,27298,2,61
27298,27298,1,23
27298,27298,1,81
27298,27298,1,48-49
27298,27298,1,81
27298,27298,1,81
27298,27298,1,48-49
27298,27298,1,81
27298,27298,2,81
27298,27298,1,21
27298,27298,2,48-49
27298,27298,1,48-49
27298,27298,1,81
27298,27298,1,23
27298,27298,1,48-49
27298,27298,1,61
27298,27274,1,81
27298,27274,3,81
27298,27274,1,81
27298,27274,1,81
27298,27274,1,52
27298,27274,1,21
27298,27274,1,81
27298,27274,3,81
27298,27274,1,72
27298,27274,1,81
27298,27274,1,21
27298,27274,1,62
27298,27274,2,81
27298,27274,1,81
27298,27274,1,48-49
27298,27274,2,81
27298,27274,1,52
27298,27265,1,81
27298,27265,2,81
27298,27265,1,62
27298,27265,1,23
27298,27262,3,81
27298,27262,2,81
27298,27262,3,92
27298,27262,1,81
27298,27262,1,81
27298,27262,1,81
27298,27256,1,81
27298,27256,1,81
27298,27256,1,72
27298,27256,2,81
27298,27259,1,21
27298,27259,1,21
27298,27259,1,21
27298,27259,1,81
27298,27259,1,81
27298,27289,3,81
27298,27277,1,81
27298,27277,1,81
27298,27277,2,81
27298,27307,1,72
27298,27304,1,81
27298,27328,3,81
27298,27310,1,62
27298,27346,1,81
27298,27391,2,81
27298,27391,1,48-49
27298,27409,1,23
27298,27418,1,72
27298,27388,1,81
27298,27430,3,81
27298,27196,2,62
27298,26920,2,81
27298,26986,2,48-49
27298,27043,1,48-49
27298,27466,3,21
27298,27466,1,48-49
27298,27466,2,21
27298,27466,1,48-49
27298,27469,2,21
27298,27475,1,61
27298,27475,1,81
27298,27475,1,72
27298,27493,1,81
27298,27646,1,81
27298,27604,2,72
27298,27640,1,11
27298,27625,2,81
27298,27436,2,23
27298,27436,1,52
27298,27436,1,23
27274,26734,3,81
27274,26734,1,11
27274,26734,1,81
27274,26737,2,52
27274,26737,1,61
27274,26737,1,23
27274,26737,1,23
27274,26737,1,21
27274,26737,1,81
27274,26740,2,81
27274,26740,2,81
27274,26740,2,48-49
27274,26740,3,81
27274,26740,3,48-49
27274,26740,3,92
27274,26740,1,72
27274,26740,1,23
27274,26740,1,72
27274,26740,4,81
27274,26740,1,61
27274,26740,1,81
27274,26743,1,11
27274,26743,1,52
27274,26743,3,21
27274,26743,4,81
27274,26743,1,81
27274,26743,1,81
27274,26743,1,81
27274,26749,3,52
27274,26749,1,81
27274,26749,2,81
27274,26749,1,81
27274,26749,1,62
27274,26749,2,52
27274,26758,3,52
27274,26758,1,81
27274,26758,2,61
27274,26758,1,62
27274,26752,1,72
27274,26752,3,52
27274,26752,3,81
27274,26752,1,52
27274,26752,2,61
27274,26752,3,92
27274,26752,2,81
27274,26752,3,81
27274,26752,1,92
27274,27154,1,81
27274,27148,3,61
27274,27151,4,81
27274,27139,2,61
27274,27139,1,61
27274,27139,4,81
27274,27139,1,81
27274,27139,1,72
27274,27139,1,48-49
27274,27139,2,72
27274,27124,3,62
27274,27121,1,48-49
27274,27121,2,52
27274,27121,1,81
27274,27121,1,52
27274,27121,1,61
27274,27121,1,81
27274,27121,1,81
27274,27121,2,21
27274,27127,2,72
27274,27298,1,81
27274,27298,1,21
27274,27298,1,92
27274,27298,1,81
27274,27298,1,52
27274,27298,2,81
27274,27298,3,81
27274,27298,3,81
27274,27298,1,81
27274,27298,3,21
27274,27298,1,23
27274,27298,1,52
27274,27298,3,61
27274,27298,3,52
27274,27298,1,48-49
27274,27298,1,72
27274,27274,1,81
27274,27274,3,52
27274,27274,1,81
27274,27274,1,81
27274,27274,1,23
27274,27274,3,52
27274,27274,1,81
27274,27274,3,21
27274,27274,1,52
27274,27274,1,52
27274,27274,1,81
27274,27274,3,81
27274,27274,3,81
27274,27274,1,81
27274,27274,1,81
27274,27274,1,81
27274,27274,1,81
27274,27274,1,81
27274,27274,1,81
27274,27274,1,92
27274,27274,1,72
27274,27274,1,81
27274,27274,2,21
27274,27274,1,81
27274,27274,2,21
27274,27274,1,61
27274,27274,2,81
27274,27274,3,81
27274,27274,1,81
27274,27274,3,72
27274,27274,3,81
27274,27274,4,72
27274,27274,1,81
27274,27274,1,52
27274,27274,1,52
27274,27274,1,81
27274,27274,1,81
27274,27274,4,81
27274,27274,1,48-49
27274,27274,1,72
27274,27274,3,21
27274,27274,1,72
27274,27274,1,72
27274,27274,4,81
27274,27274,3,72
27274,27274,1,21
27274,27274,1,81
27274,27274,1,72
27274,27274,3,52
27274,27274,3,81
27274,27274,2,81
27274,27274,1,92
27274,27274,3,72
27274,27274,2,48-49
27274,27274,3,72
27274,27274,2,81
27274,27274,3,81
27274,27274,1,61
27274,27274,1,81
27274,27274,1,81
27274,27274,1,72
27274,27274,3,21
27274,27274,1,52
27274,27274,1,81
27274,27274,1,48-49
27274,27274,1,81
27274,27274,1,81
27274,27274,1,81
27274,27274,1,23
27274,27274,2,72
27274,27274,3,81
27274,27274,1,81
27274,27274,2,72
27274,27274,1,81
27274,27274,1,81
27274,27274,1,81
27274,27274,2,81
27274,27274,3,81
27274,27274,1,81
27274,27274,2,48-49
27274,27274,1,81
27274,27274,1,81
27274,27274,1,72
27274,27274,1,72
27274,27274,3,81
27274,27274,3,81
27274,27274,2,21
27274,27274,1,52
27274,27274,1,81
27274,27274,1,23
27274,27274,3,81
27274,27274,1,81
27274,27274,3,81
27274,27274,2,81
27274,27274,3,61
27274,27274,1,81
27274,27274,2,81
27274,27274,2,21
27274,27274,3,72
27274,27274,1,81
27274,27274,1,81
27274,27274,1,21
27274,27274,1,72
27274,27274,4,48-49
27274,27274,2,48-49
27274,27274,2,81
27274,27274,1,23
27274,27274,1,92
27274,27274,2,81
27274,27274,1,52
27274,27274,2,81
27274,27274,2,81
27274,27274,1,72
27274,27274,3,81
27274,27274,1,81
27274,27274,1,48-49
27274,27274,1,81
27274,27274,2,21
27274,27274,1,21
27274,27274,3,81
27274,27274,1,23
27274,27274,1,81
27274,27274,2,81
27274,27274,1,81
27274,27274,2,81
27274,27274,3,81
27274,27274,2,81
27274,27274,1,72
27274,27274,1,81
27274,27274,1,81
27274,27274,1,81
27274,27274,3,81
27274,27274,1,81
27274,27274,1,81
27274,27274,1,52
27274,27274,2,81
27274,27274,2,81
27274,27274,1,81
27274,27274,3,92
27274,27274,1,81
27274,27274,1,81
27274,27274,2,48-49
27274,27274,3,21
27274,27274,2,52
27274,27274,3,81
27274,27274,2,81
27274,27274,2,72
27274,27274,1,52
27274,27274,1,61
27274,27274,1,81
27274,27274,1,81
27274,27274,2,81
27274,27274,1,48-49
27274,27274,3,81
27274,27274,3,81
27274,27274,3,81
27274,27274,1,81
27274,27274,1,81
27274,27274,1,61
27274,27274,1,81
27274,27274,1,52
27274,27274,1,81
27274,27274,1,72
27274,27274,2,52
27274,27274,1,81
27274,27274,1,72
27274,27274,2,81
27274,27274,1,81
27274,27274,1,81
27274,27274,1,21
27274,27274,3,81
27274,27274,1,72
27274,27274,2,81
27274,27274,1,62
27274,27274,1,72
27274,27274,2,62
27274,27274,1,81
27274,27274,2,81
27274,27274,1,72
27274,27274,1,81
27274,27274,1,72
27274,27274,4,72
27274,27274,2,81
27274,27274,1,52
27274,27274,3,52
27274,27274,1,81
27274,27274,3,81
27274,27274,1,81
27274,27274,1,21
27274,27274,1,48-49
27274,27274,1,81
27274,27274,2,81
27274,27274,3,81
27274,27274,3,81
27274,27274,1,62
27274,27274,1,52
27274,27274,2,81
27274,27274,2,48-49
27274,27274,2,81
27274,27274,4,81
27274,27274,1,81
27274,27274,1,72
27274,27274,3,81
27274,27274,1,52
27274,27274,2,81
27274,27274,1,81
27274,27274,1,52
27274,27274,1,72
27274,27274,1,72
27274,27274,1,21
27274,27274,3,72
27274,27274,1,48-49
27274,27274,2,81
27274,27274,2,81
27274,27274,1,81
27274,27274,1,92
27274,27274,1,21
27274,27274,1,48-49
27274,27274,1,48-49
27274,27274,1,62
27274,27274,1,81
27274,27274,1,81
27274,27274,1,52
27274,27274,3,81
27274,27274,1,72
27274,27274,3,81
27274,27274,1,81
27274,27274,1,21
27274,27274,1,48-49
27274,27274,1,81
27274,27274,2,81
27274,27274,1,52
27274,27274,1,81
27274,27274,1,61
27274,27274,1,92
27274,27274,1,81
27274,27274,1,81
27274,27274,3,81
27274,27274,1,81
27274,27274,3,81
27274,27274,3,81
27274,27274,1,81
27274,27274,1,48-49
27274,27274,1,81
27274,27274,1,21
27274,27274,1,81
27274,27274,3,62
27274,27274,1,48-49
27274,27274,1,81
27274,27274,2,61
27274,27274,1,52
27274,27274,2,81
27274,27274,3,81
27274,27274,3,21
27274,27274,1,81
27274,27274,1,21
27274,27274,1,21
27274,27274,1,81
27274,27274,1,72
27274,27274,1,52
27274,27274,2,81
27274,27274,1,81
27274,27274,3,48-49
27274,27274,2,81
27274,27274,1,81
27274,27274,1,81
27274,27274,1,72
27274,27274,1,81
27274,27274,2,81
27274,27274,2,62
27274,27274,3,52
27274,27274,1,81
27274,27274,1,81
27274,27274,1,81
27274,27274,1,81
27274,27274,1,81
27274,27274,2,81
27274,27274,3,61
27274,27274,1,81
27274,27274,1,52
27274,27274,1,81
27274,27274,2,21
27274,27274,3,81
27274,27274,1,48-49
27274,27274,1,81
27274,27274,1,81
27274,27274,1,72
27274,27274,1,72
27274,27274,1,62
27274,27274,1,81
27274,27274,3,92
27274,27274,2,81
27274,27274,1,81
27274,27274,2,81
27274,27274,1,21
27274,27274,1,81
27274,27274,1,81
27274,27274,1,81
27274,27274,1,81
27274,27274,1,81
27274,27274,3,48-49
27274,27274,1,72
27274,27274,1,81
27274,27274,1,72
27274,27274,2,81
27274,27274,1,81
27274,27274,1,81
27274,27274,3,52
27274,27274,3,48-49
27274,27274,1,81
27274,27274,2,23
27274,27274,3,92
27274,27274,3,72
27274,27274,3,81
27274,27274,2,81
27274,27274,2,81
27274,27274,1,81
27274,27274,4,21
27274,27274,1,81
27274,27274,1,21
27274,27274,3,92
27274,27274,2,72
27274,27274,2,72
27274,27274,1,81
27274,27274,1,81
27274,27274,1,72
27274,27274,1,81
27274,27274,1,81
27274,27274,1,48-49
27274,27274,1,72
27274,27274,1,81
27274,27274,1,62
27274,27274,2,21
27274,27274,3,52
27274,27274,1,52
27274,27274,1,81
27274,27274,3,48-49
27274,27274,1,72
27274,27274,3,81
27274,27274,1,81
27274,27274,1,92
27274,27274,3,52
27274,27274,3,48-49
27274,27274,3,81
27274,27274,2,81
27274,27274,1,81
27274,27274,1,62
27274,27274,1,92
27274,27274,3,92
27274,27274,3,81
27274,27274,1,72
27274,27274,1,21
27274,27274,3,72
27274,27274,3,81
27274,27274,2,81
27274,27274,1,48-49
27274,27274,1,48-49
27274,27274,3,81
27274,27274,3,21
27274,27274,1,81
27274,27274,1,81
27274,27274,1,81
27274,27274,1,81
27274,27274,1,81
27274,27274,1,48-49
27274,27274,3,21
27274,27274,3,61
27274,27274,1,81
27274,27274,1,81
27274,27274,1,81
27274,27274,2,81
27274,27274,2,81
27274,27274,1,61
27274,27274,3,81
27274,27274,1,81
27274,27274,1,81
27274,27274,2,81
27274,27274,2,81
27274,27274,1,23
27274,27274,3,81
27274,27274,2,81
27274,27274,1,72
27274,27274,1,21
27274,27274,3,81
27274,27274,1,81
27274,27274,1,92
27274,27274,1,81
27274,27274,1,81
27274,27274,3,48-49
27274,27274,1,81
27274,27274,1,21
27274,27274,3,48-49
27274,27274,3,81
27274,27274,1,61
27274,27274,2,81
27274,27274,2,81
27274,27274,1,72
27274,27274,1,21
27274,27274,1,52
27274,27274,3,81
27274,27274,3,72
27274,27274,1,72
27274,27274,2,72
27274,27274,2,23
27274,27274,1,92
27274,27274,1,81
27274,27274,1,81
27274,27274,1,81
27274,27274,1,81
27274,27274,3,81
27274,27274,1,92
27274,27274,3,81
27274,27274,3,81
27274,27274,1,81
27274,27274,2,81
27274,27274,1,48-49
27274,27274,4,81
27274,27274,1,81
27274,27274,2,48-49
27274,27274,1,72
27274,27274,1,81
27274,27274,3,81
27274,27274,1,81
27274,27274,1,23
27274,27274,1,81
27274,27274,1,48-49
27274,27274,1,81
27274,27274,3,81
27274,27265,1,81
27274,27265,1,72
27274,27265,1,21
27274,27265,1,52
27274,27265,3,81
27274,27265,1,81
27274,27265,1,81
27274,27265,2,81
27274,27265,2,81
27274,27265,1,61
27274,27265,1,23
27274,27265,1,81
27274,27265,1,81
27274,27265,2,81
27274,27265,1,23
27274,27265,1,23
27274,27265,3,23
27274,27265,1,81
27274,27265,1,48-49
27274,27265,2,81
27274,27265,3,23
27274,27265,1,62
27274,27265,1,72
27274,27262,1,81
27274,27262,3,81
27274,27262,1,81
27274,27262,2,81
27274,27262,1,81
27274,27262,1,21
27274,27262,1,81
27274,27262,3,81
27274,27262,1,21
27274,27262,3,81
27274,27262,1,81
27274,27262,1,81
27274,27262,1,21
27274,27262,1,81
27274,27262,3,21
27274,27262,3,81
27274,27262,1,81
27274,27262,1,92
27274,27262,1,81
27274,27262,3,81
27274,27262,4,81
27274,27262,1,81
27274,27262,1,81
27274,27262,1,81
27274,27262,1,81
27274,27262,1,21
27274,27262,1,48-49
27274,27262,1,81
27274,27262,1,81
27274,27262,1,81
27274,27262,1,81
27274,27262,3,81
27274,27262,1,92
27274,27262,1,81
27274,27262,1,81
27274,27262,2,81
27274,27262,1,81
27274,27256,2,21
27274,27256,3,21
27274,27256,1,48-49
27274,27256,1,72
27274,27256,1,81
27274,27256,3,62
27274,27256,3,52
27274,27256,1,81
27274,27256,1,81
27274,27256,2,52
27274,27256,1,72
27274,27256,1,81
27274,27256,1,72
27274,27256,4,81
27274,27259,4,81
27274,27259,2,61
27274,27259,3,81
27274,27259,1,81
27274,27259,1,81
27274,27259,2,61
27274,27259,1,81
27274,27259,4,21
27274,27259,1,21
27274,27259,3,81
27274,27259,2,23
27274,27259,2,81
27274,27259,3,72
27274,27259,2,81
27274,27259,2,61
27274,27259,1,81
27274,27259,1,72
27274,27259,3,72
27274,27259,1,81
27274,27259,3,21
27274,27289,1,81
27274,27289,1,81
27274,27289,1,92
27274,27289,1,81
27274,27289,1,81
27274,27277,2,81
27274,27277,2,81
27274,27277,1,81
27274,27277,1,81
27274,27277,1,81
27274,27313,2,48-49
27274,27313,1,62
27274,27313,3,21
27274,27307,1,72
27274,27301,1,81
27274,27301,1,81
27274,27301,2,11
27274,27322,1,72
27274,27331,1,61
27274,27331,1,81
27274,27418,1,81
27274,27424,1,52
27274,27424,1,48-49
27274,27433,3,92
27274,27178,1,81
27274,27172,1,72
27274,27172,2,21
27274,27163,1,72
27274,27250,2,92
27274,27220,1,81
27274,27211,1,81
27274,27211,4,81
27274,27211,1,81
27274,27211,3,21
27274,27211,1,81
27274,27211,3,81
27274,26893,1,21
27274,26893,3,72
27274,26887,1,81
27274,26908,1,23
27274,26908,3,81
27274,26953,3,48-49
27274,26920,1,61
27274,26920,1,21
27274,26920,2,81
27274,26911,1,81
27274,26965,3,72
27274,26965,1,21
27274,26965,2,21
27274,26965,2,48-49
27274,26968,1,92
27274,26968,1,72
27274,26974,2,21
27274,26974,3,81
27274,27013,3,21
27274,27037,3,81
27274,27043,1,23
27274,27049,2,48-49
27274,27109,4,21
27274,27088,3,81
27274,27088,1,52
27274,27094,1,81
27274,27094,1,81
27274,27466,2,21
27274,27466,3,81
27274,27466,1,81
27274,27466,3,21
27274,27466,1,81
27274,27466,4,48-49
27274,27466,1,81
27274,27466,1,21
27274,27466,1,21
27274,27466,1,21
27274,27466,1,81
27274,27466,2,81
27274,27466,1,48-49
27274,27466,1,81
27274,27469,1,21
27274,27469,2,81
27274,27469,3,21
27274,27469,1,21
27274,27472,1,23
27274,27472,1,23
27274,27472,2,81
27274,27472,4,72
27274,27472,1,81
27274,27475,3,81
27274,27475,1,81
27274,27475,1,72
27274,27475,1,21
27274,27475,2,72
27274,27475,1,52
27274,27475,1,72
27274,27475,1,23
27274,27475,1,23
27274,27475,1,21
27274,27475,1,23
27274,27475,1,61
27274,27484,1,52
27274,27493,3,81
27274,26851,3,23
27274,27646,1,72
27274,27646,3,72
27274,27652,1,81
27274,27619,3,81
27274,27619,1,52
27274,27445,2,61
27274,27601,1,81
27274,27562,3,21
27274,26794,1,21
27274,26794,1,21
27274,26800,3,21
27274,27535,1,11
27274,27499,1,81
27265,26734,2,23
27265,26734,1,11
27265,26737,1,81
27265,26740,3,52
27265,26740,2,81
27265,26740,1,52
27265,26740,1,81
27265,26740,2,48-49
27265,26740,1,72
27265,26740,1,21
27265,26740,4,23
27265,26740,1,52
27265,26740,1,81
27265,26740,1,92
27265,26743,3,81
27265,26743,3,81
27265,26743,1,62
27265,26743,1,81
27265,26749,1,81
27265,26749,1,92
27265,26749,2,81
27265,26749,4,81
27265,26758,1,61
27265,26758,4,81
27265,26758,3,21
27265,26758,1,92
27265,26746,3,52
27265,26746,1,48-49
27265,26746,1,81
27265,26746,1,61
27265,26746,1,81
27265,26746,1,52
27265,26746,1,23
27265,26746,1,81
27265,26746,2,81
27265,26752,3,81
27265,26752,2,72
27265,26752,2,81
27265,26752,1,21
27265,26752,1,81
27265,26752,1,81
27265,26752,4,23
27265,26752,1,61
27265,26752,2,72
27265,26752,1,52
27265,26761,4,21
27265,27154,1,81
27265,27139,1,62
27265,27139,1,21
27265,27124,1,92
27265,27124,3,72
27265,27133,1,81
27265,27130,1,48-49
27265,27130,1,81
27265,27127,4,72
27265,27298,1,62
27265,27298,4,81
27265,27298,3,48-49
27265,27298,2,81
27265,27298,1,21
27265,27274,1,48-49
27265,27274,2,81
27265,27274,3,72
27265,27274,1,52
27265,27274,4,81
27265,27274,1,81
27265,27274,1,23
27265,27274,1,92
27265,27274,1,52
27265,27274,4,48-49
27265,27274,4,52
27265,27274,4,52
27265,27274,1,61
27265,27274,1,81
27265,27274,2,72
27265,27274,1,21
27265,27274,2,81
27265,27274,1,52
27265,27274,4,81
27265,27274,4,81
27265,27274,1,21
27265,27274,1,81
27265,27265,3,81
27265,27265,4,52
27265,27265,4,81
27265,27265,2,72
27265,27265,1,81
27265,27265,1,52
27265,27265,1,62
27265,27265,1,81
27265,27265,1,81
27265,27265,4,81
27265,27265,4,81
27265,27265,1,81
27265,27265,3,81
27265,27265,4,61
27265,27265,1,81
27265,27265,4,21
27265,27265,1,72
27265,27265,1,81
27265,27265,2,21
27265,27265,3,81
27265,27265,1,81
27265,27265,1,81
27265,27265,2,81
27265,27265,1,72
27265,27265,4,81
27265,27265,2,72
27265,27265,2,81
27265,27265,4,81
27265,27265,1,81
27265,27265,1,81
27265,27265,2,72
27265,27265,1,81
27265,27265,1,81
27265,27265,1,62
27265,27265,1,81
27265,27265,1,48-49
27265,27265,1,81
27265,27265,1,81
27265,27265,2,81
27265,27265,4,21
27265,27265,1,72
27265,27265,4,81
27265,27265,1,81
27265,27265,2,23
27265,27265,2,72
27265,27265,4,72
27265,27265,1,81
27265,27265,4,81
27265,27265,1,23
27265,27265,1,81
27265,27265,1,81
27265,27265,4,81
27265,27265,1,81
27265,27265,1,81
27265,27265,1,62
27265,27265,1,52
27265,27265,2,81
27265,27265,1,81
27265,27265,1,62
27265,27265,4,81
27265,27265,1,81
27265,27265,1,92
27265,27265,1,81
27265,27265,2,81
27265,27265,3,81
27265,27265,1,81
27265,27265,3,81
27265,27265,2,23
27265,27265,1,81
27265,27265,1,81
27265,27265,1,81
27265,27265,1,81
27265,27265,2,48-49
27265,27265,2,81
27265,27265,1,81
27265,27265,1,21
27265,27265,1,81
27265,27265,1,48-49
27265,27265,3,81
27265,27265,3,72
27265,27265,3,81
27265,27265,1,72
27265,27265,1,81
27265,27265,1,81
27265,27265,4,81
27265,27265,2,81
27265,27265,1,81
27265,27265,1,81
27265,27265,3,52
27265,27265,1,72
27265,27265,3,81
27265,27265,3,72
27265,27265,1,23
27265,27265,1,81
27265,27265,1,61
27265,27265,4,92
27265,27265,1,81
27265,27265,1,72
27265,27265,2,81
27265,27265,1,62
27265,27265,3,81
27265,27265,2,81
27265,27265,2,72
27265,27265,1,21
27265,27265,1,81
27265,27265,3,21
27265,27265,4,62
27265,27265,4,21
27265,27265,1,72
27265,27265,1,81
27265,27265,2,48-49
27265,27265,4,72
27265,27265,3,72
27265,27265,2,72
27265,27265,1,81
27265,27265,2,81
27265,27265,1,81
27265,27265,2,72
27265,27265,1,81
27265,27265,1,62
27265,27265,1,81
27265,27265,1,21
27265,27265,1,21
27265,27265,2,81
27265,27265,1,81
27265,27265,1,81
27265,27265,1,81
27265,27265,4,72
27265,27265,4,48-49
27265,27265,4,81
27265,27265,4,81
27265,27265,2,81
27265,27265,1,62
27265,27265,1,61
27265,27265,2,48-49
27265,27265,3,81
27265,27265,1,81
27265,27265,4,81
27265,27265,2,81
27265,27265,1,81
27265,27265,1,81
27265,27265,1,21
27265,27265,3,81
27265,27265,1,81
27265,27265,1,48-49
27265,27265,1,61
27265,27265,4,48-49
27265,27265,4,81
27265,27265,1,72
27265,27265,1,21
27265,27265,1,81
27265,27265,1,62
27265,27265,1,81
27265,27265,1,62
27265,27265,1,81
27265,27265,1,21
27265,27265,2,81
27265,27265,1,52
27265,27265,1,62
27265,27265,1,23
27265,27265,4,48-49
27265,27265,4,23
27265,27265,4,21
27265,27265,3,72
27265,27265,1,81
27265,27265,2,81
27265,27265,4,23
27265,27265,1,23
27265,27265,1,48-49
27265,27265,3,81
27265,27265,2,72
27265,27265,1,81
27265,27265,4,81
27265,27265,1,23
27265,27265,2,52
27265,27265,1,23
27265,27265,1,81
27265,27265,1,81
27265,27265,1,81
27265,27265,1,81
27265,27265,1,62
27265,27265,1,23
27265,27265,3,52
27265,27265,2,81
27265,27265,4,52
27265,27265,2,81
27265,27265,1,72
27265,27265,3,81
27265,27265,1,72
27265,27265,1,81
27265,27265,1,48-49
27265,27265,1,23
27265,27265,2,72
27265,27265,1,81
27265,27265,3,62
27265,27265,1,62
27265,27265,1,81
27265,27265,1,81
27265,27265,2,81
27265,27265,1,81
27265,27265,1,52
27265,27265,2,62
27265,27265,2,48-49
27265,27265,1,48-49
27265,27265,2,62
27265,27265,4,72
27265,27265,1,81
27265,27265,1,81
27265,27265,1,48-49
27265,27265,1,48-49
27265,27265,2,81
27265,27265,1,81
27265,27265,1,81
27265,27265,1,81
27265,27265,1,52
27265,27265,2,81
27265,27265,1,81
27265,27265,4,62
27265,27265,1,72
27265,27265,1,81
27265,27265,1,81
27265,27265,1,81
27265,27265,2,62
27265,27265,1,81
27265,27265,4,81
27265,27265,1,81
27265,27265,1,62
27265,27265,3,52
27265,27265,1,81
27265,27265,1,81
27265,27265,1,81
27265,27265,1,81
27265,27265,3,23
27265,27265,1,81
27265,27265,1,23
27265,27265,2,62
27265,27265,1,81
27265,27265,1,48-49
27265,27265,1,21
27265,27265,1,81
27265,27265,4,81
27265,27265,1,81
27265,27265,4,72
27265,27265,3,81
27265,27265,3,72
27265,27265,3,23
27265,27265,1,62
27265,27265,1,81
27265,27265,1,72
27265,27265,4,81
27265,27265,1,81
27265,27265,1,81
27265,27265,4,81
27265,27265,1,72
27265,27265,1,23
27265,27265,2,81
27265,27265,2,62
27265,27265,2,81
27265,27265,1,81
27265,27265,4,81
27265,27265,1,62
27265,27265,4,23
27265,27265,2,81
27265,27265,1,52
27265,27265,1,52
27265,27265,2,72
27265,27265,4,21
27265,27265,1,81
27265,27265,1,21
27265,27265,3,48-49
27265,27265,1,81
27265,27265,2,81
27265,27265,2,81
27265,27265,4,81
27265,27265,1,81
27265,27265,2,81
27265,27265,2,23
27265,27265,1,23
27265,27265,4,62
27265,27265,4,61
27265,27265,3,81
27265,27265,1,81
27265,27265,1,81
27265,27265,1,61
27265,27265,2,48-49
27265,27265,2,23
27265,27265,2,48-49
27265,27265,1,81
27265,27265,2,72
27265,27265,2,48-49
27265,27265,1,52
27265,27265,1,21
27265,27265,4,21
27265,27265,2,81
27265,27265,2,62
27265,27265,1,48-49
27265,27265,2,62
27265,27265,1,48-49
27265,27265,1,81
27265,27265,3,61
27265,27265,2,61
27265,27265,1,81
27265,27265,1,23
27265,27265,1,23
27265,27265,2,61
27265,27265,1,48-49
27265,27265,2,81
27265,27265,1,81
27265,27265,2,81
27265,27265,1,81
27265,27262,1,62
27265,27262,1,81
27265,27262,1,81
27265,27262,1,81
27265,27262,3,81
27265,27262,1,81
27265,27262,3,81
27265,27262,3,81
27265,27262,1,81
27265,27262,1,81
27265,27262,4,81
27265,27262,3,81
27265,27262,1,92
27265,27262,1,72
27265,27262,3,81
27265,27262,3,81
27265,27262,4,81
27265,27262,1,81
27265,27262,2,48-49
27265,27262,2,81
27265,27262,4,48-49
27265,27262,1,81
27265,27262,1,81
27265,27262,1,81
27265,27262,1,81
27265,27262,1,81
27265,27262,1,81
27265,27262,1,81
27265,27262,2,21
27265,27262,1,81
27265,27262,1,61
27265,27262,2,81
27265,27262,1,81
27265,27262,2,81
27265,27262,1,81
27265,27262,4,81
27265,27262,3,81
27265,27262,1,81
27265,27262,1,81
27265,27262,2,48-49
27265,27262,3,81
27265,27262,1,81
27265,27262,4,81
27265,27262,1,81
27265,27262,1,81
27265,27262,3,81
27265,27262,1,81
27265,27256,1,81
27265,27256,2,72
27265,27256,4,81
27265,27256,1,62
27265,27256,1,81
27265,27256,2,48-49
27265,27256,1,72
27265,27256,4,81
27265,27256,3,81
27265,27256,2,92
27265,27256,4,81
27265,27256,2,81
27265,27259,2,61
27265,27259,2,21
27265,27259,2,23
27265,27259,2,21
27265,27259,4,21
27265,27259,1,81
27265,27259,1,81
27265,27259,1,81
27265,27259,4,21
27265,27259,1,81
27265,27259,1,81
27265,27259,1,81
27265,27259,3,61
27265,27259,2,72
27265,27259,4,21
27265,27259,1,52
27265,27259,1,21
27265,27289,2,81
27265,27289,1,81
27265,27289,1,81
27265,27289,4,81
27265,27289,2,48-49
27265,27289,4,61
27265,27289,3,81
27265,27289,4,61
27265,27289,2,61
27265,27289,1,23
27265,27289,3,81
27265,27289,2,23
27265,27289,2,62
27265,27289,1,23
27265,27289,2,48-49
27265,27289,4,23
27265,27289,1,81
27265,27289,1,81
27265,27289,2,92
27265,27289,1,81
27265,27289,1,81
27265,27289,1,21
27265,27277,1,81
27265,27277,1,81
27265,27277,2,62
27265,27277,3,92
27265,27277,1,23
27265,27277,1,21
27265,27277,2,81
27265,27277,1,61
27265,27307,2,52
27265,27307,2,72
27265,27337,1,81
27265,27337,1,81
27265,27328,1,48-49
27265,27343,1,81
27265,27331,1,92
27265,27331,2,72
27265,27418,1,48-49
27265,27418,4,61
27265,27433,1,81
27265,27433,1,92
27265,27403,1,81
27265,27196,1,81
27265,27172,1,23
27265,27166,1,81
27265,27166,2,23
27265,27166,1,72
27265,27163,3,81
27265,27238,3,81
27265,27238,3,81
27265,27208,2,72
27265,27208,1,81
27265,26881,1,61
27265,26938,1,21
27265,26908,4,23
27265,26908,1,81
27265,26953,2,72
27265,26953,4,81
27265,26920,1,81
27265,26920,3,81
27265,26920,4,52
27265,26920,2,61
27265,26920,4,23
27265,26920,1,21
27265,26920,1,81
27265,26920,4,21
27265,26980,2,81
27265,26968,1,81
27265,26968,1,81
27265,27001,1,21
27265,27001,1,48-49
27265,27001,1,81
27265,26983,2,81
27265,27010,3,21
27265,27010,1,81
27265,27013,4,81
27265,27016,1,23
27265,27067,1,81
27265,27088,1,23
27265,27466,1,81
27265,27466,3,21
27265,27466,1,81
27265,27466,4,21
27265,27466,1,48-49
27265,27466,1,21
27265,27466,1,81
27265,27469,2,21
27265,27469,1,21
27265,27469,1,81
27265,27469,4,81
27265,27472,1,23
27265,27472,1,72
27265,27472,4,81
27265,27472,1,48-49
27265,27472,4,81
27265,27472,1,21
27265,27472,2,81
27265,27475,1,23
27265,27475,2,81
27265,27475,2,62
27265,27475,4,81
27265,27475,3,81
27265,27475,1,23
27265,27475,3,23
27265,27475,2,48-49
27265,27475,3,81
27265,27475,1,81
27265,27475,4,21
27265,27475,2,61
27265,27475,1,81
27265,27475,2,81
27265,27475,1,23
27265,27484,1,81
27265,27484,1,81
27265,27484,1,81
27265,27484,1,81
27265,27484,1,81
27265,27493,2,81
27265,26842,1,92
27265,26782,2,23
27265,26764,1,81
27265,27646,3,81
27265,27454,4,81
27265,27454,1,21
27265,27601,1,23
27265,27637,2,81
27265,26794,2,21
27265,26827,1,81
27265,26827,4,21
27265,26827,1,72
27265,26797,4,81
27262,26734,1,81
27262,26734,3,52
27262,26737,1,61
27262,26737,2,61
27262,26737,3,92
27262,26740,3,21
27262,26740,2,62
27262,26740,4,48-49
27262,26740,3,72
27262,26740,2,81
27262,26740,3,81
27262,26740,1,81
27262,26740,1,72
27262,26740,1,72
27262,26740,1,81
27262,26740,2,81
27262,26740,4,48-49
27262,26740,4,48-49
27262,26740,3,72
27262,26740,4,48-49
27262,26740,1,81
27262,26740,2,81
27262,26740,3,81
27262,26743,1,81
27262,26743,3,81
27262,26743,3,81
27262,26743,1,48-49
27262,26743,1,92
27262,26743,1,72
27262,26743,3,92
27262,26743,1,81
27262,26743,3,11
27262,26743,1,81
27262,26743,3,21
27262,26743,4,61
27262,26743,3,11
27262,26743,2,92
27262,26743,1,62
27262,26749,1,72
27262,26749,2,81
27262,26749,4,72
27262,26749,4,61
27262,26749,2,62
27262,26749,3,72
27262,26758,4,81
27262,26758,1,72
27262,26758,4,81
27262,26758,3,92
27262,26746,2,21
27262,26746,4,81
27262,26746,2,48-49
27262,26746,4,81
27262,26746,4,48-49
27262,26746,3,81
27262,26746,4,52
27262,26746,4,52
27262,26746,3,81
27262,26752,3,81
27262,26752,3,61
27262,27139,4,23
27262,27139,1,81
27262,27139,3,81
27262,27139,2,72
27262,27139,3,61
27262,27139,3,92
27262,27139,2,21
27262,27139,3,21
27262,27139,1,61
27262,27139,3,21
27262,27124,3,72
27262,27121,2,81
27262,27121,4,21
27262,27121,3,21
27262,27121,4,92
27262,27133,3,48-49
27262,27127,1,81
27262,27298,3,81
27262,27298,1,81
27262,27298,4,72
27262,27298,3,81
27262,27298,3,23
27262,27274,3,81
27262,27274,3,81
27262,27274,2,81
27262,27274,2,81
27262,27274,2,48-49
27262,27274,1,48-49
27262,27274,1,81
27262,27274,3,81
27262,27274,3,72
27262,27274,3,48-49
27262,27274,2,81
27262,27274,1,81
27262,27274,3,72
27262,27274,3,81
27262,27274,2,81
27262,27274,3,52
27262,27274,4,81
27262,27274,1,81
27262,27274,2,81
27262,27274,4,81
27262,27274,3,81
27262,27274,1,81
27262,27274,4,81
27262,27274,2,81
27262,27274,2,81
27262,27274,4,81
27262,27274,1,72
27262,27274,1,48-49
27262,27274,4,81
27262,27274,3,81
27262,27274,2,81
27262,27274,2,72
27262,27274,3,81
27262,27274,1,81
27262,27274,2,21
27262,27274,1,52
27262,27265,3,81
27262,27265,3,72
27262,27265,3,81
27262,27265,1,48-49
27262,27265,3,52
27262,27265,2,62
27262,27265,3,81
27262,27265,3,81
27262,27265,3,81
27262,27265,1,81
27262,27265,4,81
27262,27265,4,81
27262,27265,2,81
27262,27265,2,21
27262,27265,3,81
27262,27265,3,81
27262,27265,3,23
27262,27265,3,81
27262,27265,1,81
27262,27265,2,72
27262,27265,3,48-49
27262,27265,1,62
27262,27265,3,81
27262,27265,3,81
27262,27265,3,23
27262,27265,2,81
27262,27265,1,81
27262,27265,1,81
27262,27265,3,48-49
27262,27265,4,81
27262,27265,3,81
27262,27265,4,23
27262,27265,2,61
27262,27265,4,48-49
27262,27265,2,81
27262,27265,4,72
27262,27265,3,23
27262,27265,1,81
27262,27265,3,23
27262,27265,3,81
27262,27265,3,61
27262,27265,3,81
27262,27265,3,81
27262,27265,3,81
27262,27265,4,48-49
27262,27262,2,81
27262,27262,2,81
27262,27262,1,81
27262,27262,3,81
27262,27262,4,81
27262,27262,1,81
27262,27262,3,81
27262,27262,4,81
27262,27262,3,81
27262,27262,3,81
27262,27262,4,81
27262,27262,1,61
27262,27262,1,81
27262,27262,1,81
27262,27262,3,81
27262,27262,3,21
27262,27262,4,81
27262,27262,1,81
27262,27262,1,81
27262,27262,2,81
27262,27262,3,81
27262,27262,2,81
27262,27262,1,81
27262,27262,4,48-49
27262,27262,3,72
27262,27262,1,81
27262,27262,1,81
27262,27262,1,81
27262,27262,1,81
27262,27262,1,21
27262,27262,1,81
27262,27262,4,81
27262,27262,1,81
27262,27262,3,81
27262,27262,1,81
27262,27262,3,81
27262,27262,4,81
27262,27262,4,81
27262,27262,2,81
27262,27262,1,81
27262,27262,2,81
27262,27262,2,81
27262,27262,3,81
27262,27262,2,81
27262,27262,4,81
27262,27262,4,81
27262,27262,2,81
27262,27262,2,72
27262,27262,1,81
27262,27262,2,81
27262,27262,4,81
27262,27262,4,48-49
27262,27262,4,23
27262,27262,2,21
27262,27262,1,81
27262,27262,3,81
27262,27262,1,81
27262,27262,3,81
27262,27262,3,81
27262,27262,2,81
27262,27262,4,81
27262,27262,4,81
27262,27262,3,72
27262,27262,1,81
27262,27262,4,81
27262,27262,1,81
27262,27262,3,81
27262,27262,3,81
27262,27262,3,81
27262,27262,1,81
27262,27262,3,81
27262,27262,1,72
27262,27262,3,48-49
27262,27262,1,81
27262,27262,1,81
27262,27262,4,81
27262,27262,3,81
27262,27262,3,81
27262,27262,1,81
27262,27262,4,81
27262,27262,3,81
27262,27262,1,81
27262,27262,1,81
27262,27262,4,81
27262,27262,2,81
27262,27262,1,81
27262,27262,1,81
27262,27262,1,81
27262,27262,1,81
27262,27262,2,81
27262,27262,1,81
27262,27262,2,81
27262,27262,3,81
27262,27262,3,92
27262,27262,2,72
27262,27262,3,92
27262,27262,2,81
27262,27262,4,81
27262,27262,1,72
27262,27262,3,62
27262,27262,1,81
27262,27262,3,61
27262,27262,1,81
27262,27262,2,81
27262,27262,4,61
27262,27262,3,81
27262,27262,3,81
27262,27262,1,61
27262,27262,1,81
27262,27262,4,81
27262,27262,3,62
27262,27262,3,81
27262,27262,3,81
27262,27262,1,81
27262,27262,2,81
27262,27262,3,81
27262,27262,3,81
27262,27262,4,21
27262,27262,1,72
27262,27262,4,81
27262,27262,3,81
27262,27262,1,81
27262,27262,3,81
27262,27262,1,62
27262,27262,3,81
27262,27262,3,81
27262,27262,2,81
27262,27262,1,72
27262,27262,3,81
27262,27262,4,61
27262,27262,1,81
27262,27262,1,81
27262,27262,3,81
27262,27262,2,81
27262,27262,2,81
27262,27262,3,21
27262,27262,1,81
27262,27262,1,81
27262,27262,4,72
27262,27262,2,81
27262,27262,2,81
27262,27262,1,81
27262,27262,1,81
27262,27262,3,62
27262,27262,4,81
27262,27262,3,81
27262,27262,2,81
27262,27262,1,61
27262,27262,2,81
27262,27262,2,81
27262,27262,2,92
27262,27262,4,81
27262,27262,1,81
27262,27262,1,21
27262,27262,2,81
27262,27262,3,92
27262,27262,3,81
27262,27262,1,81
27262,27262,3,81
27262,27262,4,21
27262,27262,4,61
27262,27262,2,81
27262,27262,2,92
27262,27262,3,81
27262,27262,3,81
27262,27262,4,81
27262,27262,4,81
27262,27262,3,81
27262,27262,1,81
27262,27262,1,81
27262,27262,4,72
27262,27262,3,81
27262,27262,1,81
27262,27262,4,81
27262,27262,2,81
27262,27262,3,81
27262,27262,3,81
27262,27262,3,81
27262,27262,1,81
27262,27262,4,81
27262,27262,3,81
27262,27262,2,81
27262,27262,1,81
27262,27262,1,81
27262,27262,1,81
27262,27262,4,81
27262,27262,1,81
27262,27262,3,81
27262,27262,1,81
27262,27262,4,81
27262,27262,2,72
27262,27262,1,81
27262,27262,3,81
27262,27262,3,92
27262,27262,2,92
27262,27262,3,81
27262,27262,1,81
27262,27262,3,81
27262,27262,1,61
27262,27262,3,21
27262,27262,1,81
27262,27262,1,81
27262,27262,2,81
27262,27262,2,81
27262,27262,1,81
27262,27262,4,81
27262,27262,2,81
27262,27262,2,72
27262,27262,1,81
27262,27262,4,81
27262,27262,2,81
27262,27262,3,23
27262,27262,2,81
27262,27262,1,81
27262,27262,2,62
27262,27262,1,81
27262,27262,4,81
27262,27262,1,81
27262,27262,1,81
27262,27262,3,81
27262,27262,1,81
27262,27262,2,81
27262,27262,1,81
27262,27262,2,81
27262,27262,3,81
27262,27262,2,81
27262,27262,4,81
27262,27262,1,61
27262,27262,2,81
27262,27262,3,81
27262,27262,1,21
27262,27262,3,81
27262,27262,3,81
27262,27262,1,62
27262,27262,2,81
27262,27262,3,62
27262,27262,1,81
27262,27262,2,72
27262,27262,2,81
27262,27262,2,81
27262,27262,1,72
27262,27262,3,81
27262,27262,4,81
27262,27262,2,81
27262,27262,3,81
27262,27262,1,81
27262,27262,4,81
27262,27262,1,21
27262,27262,3,81
27262,27262,1,81
27262,27262,1,81
27262,27262,4,81
27262,27262,2,62
27262,27262,1,62
27262,27262,4,81
27262,27262,4,81
27262,27262,1,81
27262,27262,1,72
27262,27262,1,81
27262,27262,1,81
27262,27262,2,81
27262,27262,1,81
27262,27262,2,81
27262,27262,2,81
27262,27262,3,81
27262,27262,3,81
27262,27262,3,81
27262,27262,1,81
27262,27262,1,81
27262,27262,1,81
27262,27262,2,81
27262,27262,3,92
27262,27262,1,81
27262,27262,3,81
27262,27262,3,81
27262,27256,3,48-49
27262,27256,3,72
27262,27256,3,81
27262,27256,2,23
27262,27256,1,72
27262,27256,1,81
27262,27256,1,11
27262,27256,2,81
27262,27256,4,81
27262,27256,2,81
27262,27256,3,81
27262,27256,2,72
27262,27256,2,81
27262,27256,2,92
27262,27256,4,81
27262,27256,3,72
27262,27256,3,48-49
27262,27256,2,81
27262,27256,2,81
27262,27256,3,81
27262,27256,2,81
27262,27256,4,48-49
27262,27256,1,21
27262,27256,4,48-49
27262,27256,1,81
27262,27256,1,23
27262,27256,1,81
27262,27256,2,81
27262,27256,3,72
27262,27256,3,62
27262,27256,1,23
27262,27256,3,62
27262,27256,3,21
27262,27256,1,81
27262,27256,2,62
27262,27256,3,81
27262,27256,2,72
27262,27256,4,72
27262,27256,3,81
27262,27256,4,23
27262,27256,2,81
27262,27256,1,81
27262,27256,1,81
27262,27256,4,92
27262,27256,1,21
27262,27256,2,81
27262,27256,2,52
27262,27256,1,81
27262,27256,2,81
27262,27256,1,11
27262,27256,4,81
27262,27256,1,52
27262,27256,1,48-49
27262,27256,3,48-49
27262,27256,3,23
27262,27256,3,81
27262,27259,4,61
27262,27259,1,21
27262,27259,1,61
27262,27259,1,81
27262,27259,4,81
27262,27259,1,72
27262,27259,4,81
27262,27259,1,81
27262,27259,2,21
27262,27259,3,81
27262,27259,2,21
27262,27259,3,81
27262,27259,1,81
27262,27259,1,81
27262,27259,1,81
27262,27259,1,81
27262,27259,2,72
27262,27259,3,81
27262,27259,2,21
27262,27289,4,81
27262,27289,2,81
27262,27289,4,81
27262,27289,2,81
27262,27289,1,81
27262,27289,2,61
27262,27289,3,81
27262,27289,4,23
27262,27289,1,81
27262,27289,2,21
27262,27289,3,62
27262,27289,2,23
27262,27289,3,48-49
27262,27289,2,81
27262,27289,3,81
27262,27289,2,81
27262,27289,3,81
27262,27277,3,81
27262,27277,3,61
27262,27277,3,21
27262,27277,3,62
27262,27277,1,23
27262,27277,3,48-49
27262,27277,2,62
27262,27277,1,81
27262,27277,2,81
27262,27277,4,81
27262,27277,1,23
27262,27277,2,92
27262,27277,2,48-49
27262,27337,3,81
27262,27304,3,81
27262,27310,3,62
27262,27310,1,62
27262,27310,4,81
27262,27376,1,61
27262,27346,4,81
27262,27433,3,11
27262,27433,2,21
27262,27433,2,11
27262,27403,4,81
27262,27178,1,52
27262,27166,1,48-49
27262,27166,3,72
27262,27163,2,11
27262,27241,3,21
27262,27211,3,81
27262,27211,1,81
27262,27238,1,72
27262,27214,1,81
27262,27208,2,81
27262,26893,1,11
27262,26893,1,81
27262,26881,1,81
27262,26881,3,72
27262,26938,3,81
27262,26914,3,21
27262,26953,4,62
27262,26920,4,81
27262,26920,1,81
27262,26920,1,81
27262,26920,2,81
27262,26965,2,21
27262,26965,3,48-49
27262,26965,1,21
27262,26965,1,52
27262,26980,2,21
27262,26983,1,81
27262,27016,1,81
27262,27052,1,48-49
27262,27070,1,48-49
27262,27067,1,72
27262,27088,3,81
27262,27466,3,21
27262,27466,2,21
27262,27466,1,81
27262,27466,4,81
27262,27466,1,72
27262,27466,2,52
27262,27469,2,21
27262,27472,3,21
27262,27472,3,81
27262,27472,3,81
27262,27472,2,81
27262,27472,2,72
27262,27472,4,23
27262,27472,4,81
27262,27472,1,81
27262,27475,1,81
27262,27475,3,81
27262,27475,1,21
27262,27475,2,21
27262,27475,2,72
27262,27475,1,62
27262,27475,1,62
27262,27475,3,62
27262,27475,3,81
27262,27475,4,72
27262,27475,1,81
27262,27484,4,72
27262,27484,4,23
27262,27493,3,81
27262,26764,1,21
27262,27619,1,81
27262,27622,3,81
27262,27454,3,52
27262,27562,3,81
27262,26797,3,81
27262,26797,3,61
27262,26797,2,21
27262,26797,1,11
27262,26797,1,81
27262,26809,3,21
27262,26809,4,21
27262,27535,1,21
27262,27535,3,21
27262,27535,2,21
27262,27535,3,72
27262,27664,3,48-49
27256,26734,2,81
27256,26737,2,11
27256,26737,1,72
27256,26737,4,72
27256,26740,2,81
27256,26740,1,23
27256,26740,3,81
27256,26740,2,72
27256,26740,3,81
27256,26740,2,52
27256,26743,4,61
27256,26743,1,72
27256,26743,2,92
27256,26743,3,81
27256,26743,3,52
27256,26743,2,81
27256,26749,2,62
27256,26758,3,92
27256,26758,2,61
27256,26758,3,48-49
27256,26758,1,92
27256,26758,1,81
27256,26758,3,92
27256,26758,1,48-49
27256,26746,2,81
27256,26746,3,52
27256,26746,3,81
27256,26746,2,72
27256,26746,1,52
27256,26746,1,52
27256,26746,2,81
27256,26746,4,72
27256,26746,3,81
27256,26752,3,81
27256,26752,3,21
27256,26761,4,81
27256,27154,3,72
27256,27151,3,52
27256,27151,2,81
27256,27151,3,21
27256,27121,2,21
27256,27142,1,81
27256,27133,1,81
27256,27133,1,23
27256,27133,1,81
27256,27133,4,92
27256,27133,2,81
27256,27130,1,81
27256,27127,4,48-49
27256,27298,4,48-49
27256,27298,4,81
27256,27298,2,81
27256,27298,3,48-49
27256,27298,2,48-49
27256,27274,2,48-49
27256,27274,4,81
27256,27274,1,21
27256,27274,2,81
27256,27274,2,81
27256,27274,2,81
27256,27274,3,81
27256,27274,3,81
27256,27274,3,48-49
27256,27274,4,81
27256,27274,2,81
27256,27274,1,48-49
27256,27265,3,81
27256,27265,3,81
27256,27265,1,62
27256,27265,2,81
27256,27265,4,61
27256,27265,2,81
27256,27265,4,61
27256,27265,2,72
27256,27265,2,23
27256,27265,2,81
27256,27265,2,23
27256,27265,3,81
27256,27265,2,81
27256,27265,1,61
27256,27262,3,81
27256,27262,4,81
27256,27262,4,81
27256,27262,2,72
27256,27262,3,81
27256,27262,3,23
27256,27262,3,81
27256,27262,3,81
27256,27262,3,81
27256,27262,2,81
27256,27262,2,81
27256,27262,2,81
27256,27262,3,81
27256,27262,2,81
27256,27262,1,92
27256,27262,4,81
27256,27262,3,81
27256,27262,3,81
27256,27262,3,81
27256,27262,4,81
27256,27262,3,81
27256,27262,2,21
27256,27262,4,81
27256,27262,2,81
27256,27262,3,81
27256,27262,3,81
27256,27262,3,21
27256,27262,2,81
27256,27262,3,81
27256,27262,1,81
27256,27262,2,81
27256,27262,1,92
27256,27262,3,81
27256,27262,3,81
27256,27262,4,81
27256,27262,2,81
27256,27262,3,81
27256,27262,1,81
27256,27262,1,81
27256,27262,2,72
27256,27262,2,21
27256,27262,3,81
27256,27262,4,81
27256,27262,3,81
27256,27262,1,81
27256,27262,3,81
27256,27262,3,81
27256,27262,2,81
27256,27262,3,23
27256,27262,2,81
27256,27262,2,21
27256,27262,1,81
27256,27262,2,81
27256,27262,1,81
27256,27262,1,81
27256,27262,2,81
27256,27256,3,81
27256,27256,2,81
27256,27256,3,72
27256,27256,3,81
27256,27256,3,81
27256,27256,2,52
27256,27256,3,81
27256,27256,3,81
27256,27256,2,81
27256,27256,2,81
27256,27256,1,48-49
27256,27256,2,11
27256,27256,4,81
27256,27256,2,48-49
27256,27256,3,72
27256,27256,2,81
27256,27256,3,62
27256,27256,3,81
27256,27256,2,92
27256,27256,2,48-49
27256,27256,3,81
27256,27256,1,81
27256,27256,2,72
27256,27256,1,81
27256,27256,1,81
27256,27256,4,48-49
27256,27256,3,81
27256,27256,3,48-49
27256,27256,1,81
27256,27256,4,81
27256,27256,1,81
27256,27256,2,81
27256,27256,2,72
27256,27256,4,48-49
27256,27256,1,72
27256,27256,2,81
27256,27256,1,23
27256,27256,1,81
27256,27256,2,72
27256,27256,3,23
27256,27256,3,81
27256,27256,2,81
27256,27256,2,81
27256,27256,3,81
27256,27256,4,62
27256,27256,2,81
27256,27256,2,81
27256,27256,3,48-49
27256,27256,2,61
27256,27256,1,81
27256,27256,2,72
27256,27256,1,81
27256,27256,3,48-49
27256,27256,3,81
27256,27256,2,81
27256,27256,2,81
27256,27256,3,81
27256,27256,4,48-49
27256,27256,2,52
27256,27256,3,62
27256,27256,3,92
27256,27256,3,92
27256,27256,3,11
27256,27256,2,21
27256,27256,2,72
27256,27256,1,52
27256,27256,3,21
27256,27256,2,62
27256,27256,2,11
27256,27256,2,81
27256,27256,3,48-49
27256,27256,2,81
27256,27256,2,48-49
27256,27256,3,81
27256,27256,2,81
27256,27256,3,62
27256,27259,1,21
27256,27259,2,81
27256,27259,3,21
27256,27259,2,81
27256,27259,2,81
27256,27259,3,48-49
27256,27259,2,72
27256,27259,3,81
27256,27259,2,21
27256,27259,1,21
27256,27259,2,81
27256,27259,3,48-49
27256,27259,2,81
27256,27259,3,61
27256,27259,3,61
27256,27259,1,81
27256,27259,3,72
27256,27259,2,72
27256,27259,1,81
27256,27259,4,81
27256,27259,4,81
27256,27259,3,81
27256,27259,2,81
27256,27259,3,61
27256,27289,1,21
27256,27289,2,61
27256,27289,2,81
27256,27289,4,48-49
27256,27289,1,81
27256,27289,2,23
27256,27289,2,23
27256,27289,2,21
27256,27289,3,81
27256,27289,4,23
27256,27289,2,62
27256,27289,3,62
27256,27289,1,81
27256,27289,4,81
27256,27289,4,92
27256,27289,2,81
27256,27289,3,81
27256,27289,3,21
27256,27277,1,81
27256,27277,2,72
27256,27277,3,61
27256,27325,4,81
27256,27313,3,81
27256,27301,3,81
27256,27304,1,61
27256,27304,2,21
27256,27328,4,72
27256,27367,4,81
27256,27346,3,81
27256,27391,2,81
27256,27418,3,81
27256,27418,2,81
27256,27400,1,81
27256,27190,2,21
27256,27181,2,81
27256,27181,4,48-49
27256,27178,1,62
27256,27178,2,81
27256,27178,3,81
27256,27175,3,48-49
27256,27172,4,92
27256,27169,2,21
27256,26887,4,92
27256,26887,4,81
27256,26887,4,21
27256,26884,4,21
27256,26899,2,81
27256,26899,3,81
27256,26899,3,72
27256,26944,1,48-49
27256,26944,2,81
27256,26938,2,61
27256,26938,4,21
27256,26938,1,48-49
27256,26938,3,81
27256,26938,2,81
27256,26938,2,81
27256,26953,2,81
27256,26920,3,92
27256,26920,3,72
27256,26920,2,72
27256,26920,2,81
27256,26920,3,81
27256,26911,2,81
27256,26980,3,81
27256,26974,4,81
27256,26986,2,21
27256,26992,2,81
27256,26983,3,81
27256,27013,3,61
27256,27016,4,81
27256,27025,4,81
27256,27025,3,81
27256,27037,4,11
27256,27052,2,81
27256,27043,1,81
27256,27070,1,81
27256,27466,4,11
27256,27466,3,21
27256,27469,4,48-49
27256,27469,2,52
27256,27469,3,11
27256,27469,3,48-49
27256,27469,4,81
27256,27469,1,21
27256,27469,4,11
27256,27472,1,81
27256,27475,3,21
27256,27484,4,81
27256,27484,2,21
27256,27484,1,81
27256,27484,2,61
27256,27484,3,81
27256,26851,2,21
27256,26851,2,81
27256,26830,2,23
27256,26833,2,81
27256,26836,4,62
27256,26842,3,61
27256,26782,2,21
27256,26785,4,81
27256,26785,1,81
27256,27649,3,81
27256,27658,3,21
27256,27619,4,81
27256,27625,1,21
27256,27625,2,21
27256,27460,1,72
27256,27454,2,21
27256,27454,3,21
27256,26797,3,21
27256,27664,4,11
27259,26734,4,48-49
27259,26734,4,81
27259,26734,4,61
27259,26737,3,72
27259,26737,4,62
27259,26737,2,52
27259,26740,1,81
27259,26740,4,23
27259,26740,2,48-49
27259,26740,3,81
27259,26740,1,72
27259,26740,2,81
27259,26740,1,52
27259,26740,4,48-49
27259,26740,1,81
27259,26740,1,72
27259,26740,1,81
27259,26740,4,81
27259,26743,4,48-49
27259,26743,2,81
27259,26743,3,81
27259,26743,2,72
27259,26743,1,81
27259,26743,4,11
27259,26743,1,52
27259,26743,1,48-49
27259,26749,4,21
27259,26749,2,81
27259,26749,1,81
27259,26749,1,52
27259,26749,4,48-49
27259,26758,2,62
27259,26758,3,92
27259,26758,2,92
27259,26758,4,61
27259,26758,1,21
27259,26758,1,48-49
27259,26758,1,72
27259,26758,1,81
27259,26746,1,52
27259,26746,4,52
27259,26746,3,81
27259,26746,4,48-49
27259,26752,3,92
27259,26752,2,21
27259,26752,4,48-49
27259,26752,4,81
27259,26761,1,48-49
27259,26761,3,81
27259,26761,2,81
27259,27160,3,81
27259,27154,1,21
27259,27154,2,81
27259,27148,2,72
27259,27148,1,72
27259,27148,1,81
27259,27139,4,61
27259,27139,1,72
27259,27139,1,81
27259,27124,1,52
27259,27142,4,81
27259,27133,1,21
27259,27133,1,81
27259,27127,1,72
27259,27127,3,72
27259,27298,3,72
27259,27298,4,81
27259,27298,3,23
27259,27298,1,81
27259,27298,3,81
27259,27274,1,72
27259,27274,1,81
27259,27274,1,81
27259,27274,1,52
27259,27274,2,81
27259,27274,1,21
27259,27274,2,52
27259,27274,1,52
27259,27274,3,52
27259,27274,4,72
27259,27274,2,52
27259,27274,1,48-49
27259,27274,1,48-49
27259,27274,2,81
27259,27274,2,81
27259,27274,3,52
27259,27274,1,72
27259,27274,3,81
27259,27274,3,21
27259,27265,1,48-49
27259,27265,2,81
27259,27265,2,81
27259,27265,2,81
27259,27265,1,21
27259,27265,4,72
27259,27265,4,81
27259,27265,2,21
27259,27265,2,72
27259,27265,1,62
27259,27265,4,72
27259,27265,3,81
27259,27265,2,52
27259,27265,1,72
27259,27265,1,81
27259,27265,1,48-49
27259,27265,3,81
27259,27262,3,92
27259,27262,4,81
27259,27262,1,81
27259,27262,2,92
27259,27262,4,72
27259,27262,2,81
27259,27262,2,81
27259,27262,2,72
27259,27262,1,21
27259,27262,2,81
27259,27262,3,81
27259,27262,4,81
27259,27262,1,81
27259,27262,2,81
27259,27262,3,21
27259,27262,4,81
27259,27262,1,81
27259,27262,3,81
27259,27262,2,62
27259,27262,1,23
27259,27256,1,48-49
27259,27256,2,92
27259,27256,4,81
27259,27256,1,81
27259,27256,3,81
27259,27256,1,81
27259,27256,4,48-49
27259,27256,4,81
27259,27256,4,81
27259,27256,4,72
27259,27256,2,61
27259,27256,1,81
27259,27256,1,62
27259,27256,3,81
27259,27256,3,92
27259,27256,1,61
27259,27256,4,81
27259,27256,1,21
27259,27256,2,92
27259,27256,1,48-49
27259,27256,2,52
27259,27256,3,92
27259,27256,4,72
27259,27256,1,72
27259,27259,3,81
27259,27259,2,62
27259,27259,3,81
27259,27259,2,81
27259,27259,3,81
27259,27259,2,81
27259,27259,3,81
27259,27259,2,72
27259,27259,4,81
27259,27259,1,21
27259,27259,2,81
27259,27259,4,81
27259,27259,2,81
27259,27259,4,81
27259,27259,1,61
27259,27259,2,81
27259,27259,2,21
27259,27259,3,61
27259,27259,4,81
27259,27259,1,72
27259,27259,1,23
27259,27259,1,81
27259,27259,4,61
27259,27259,3,81
27259,27259,1,72
27259,27259,1,21
27259,27259,3,72
27259,27259,3,81
27259,27259,4,81
27259,27259,3,81
27259,27259,2,81
27259,27259,1,21
27259,27259,2,21
27259,27259,2,21
27259,27259,1,61
27259,27259,4,81
27259,27259,1,52
27259,27259,1,61
27259,27259,3,21
27259,27259,1,61
27259,27259,4,81
27259,27259,1,21
27259,27259,1,61
27259,27259,4,81
27259,27259,2,21
27259,27259,1,72
27259,27259,3,72
27259,27259,4,21
27259,27259,2,81
27259,27259,1,52
27259,27259,1,72
27259,27259,1,21
27259,27259,4,21
27259,27259,1,21
27259,27259,1,21
27259,27259,4,23
27259,27259,1,21
27259,27259,3,21
27259,27259,1,21
27259,27259,3,61
27259,27259,3,81
27259,27259,1,21
27259,27259,2,72
27259,27259,4,48-49
27259,27259,4,81
27259,27259,1,81
27259,27259,4,81
27259,27259,1,61
27259,27259,2,61
27259,27259,1,61
27259,27259,1,81
27259,27259,1,61
27259,27259,4,21
27259,27259,2,81
27259,27259,2,81
27259,27259,4,21
27259,27259,1,52
27259,27259,3,21
27259,27259,4,21
27259,27259,1,81
27259,27259,2,81
27259,27259,4,23
27259,27259,4,81
27259,27259,4,81
27259,27259,2,72
27259,27259,4,23
27259,27259,4,21
27259,27259,1,81
27259,27259,4,21
27259,27259,1,21
27259,27259,2,81
27259,27259,1,81
27259,27259,1,21
27259,27259,4,21
27259,27259,3,81
27259,27259,3,81
27259,27259,1,81
27259,27259,1,81
27259,27259,1,48-49
27259,27259,3,52
27259,27259,4,81
27259,27259,3,81
27259,27259,3,81
27259,27259,4,72
27259,27259,1,72
27259,27259,1,81
27259,27259,4,21
27259,27259,3,81
27259,27259,1,52
27259,27259,4,81
27259,27259,2,21
27259,27259,3,81
27259,27259,1,21
27259,27259,1,21
27259,27259,1,21
27259,27259,3,21
27259,27259,2,61
27259,27259,1,81
27259,27259,1,81
27259,27259,4,21
27259,27259,1,21
27259,27259,2,52
27259,27259,2,81
27259,27259,3,21
27259,27259,1,81
27259,27259,1,72
27259,27259,3,81
27259,27259,1,21
27259,27259,1,81
27259,27259,2,81
27259,27259,4,21
27259,27259,2,61
27259,27259,4,81
27259,27259,3,61
27259,27259,1,52
27259,27259,1,72
27259,27259,4,52
27259,27259,4,72
27259,27259,4,81
27259,27259,3,81
27259,27259,2,61
27259,27259,4,61
27259,27259,3,61
27259,27259,2,21
27259,27259,2,81
27259,27259,4,72
27259,27259,2,81
27259,27259,3,72
27259,27259,1,61
27259,27259,1,81
27259,27259,4,21
27259,27259,1,81
27259,27259,1,81
27259,27259,3,72
27259,27259,3,61
27259,27259,4,81
27259,27259,3,81
27259,27259,4,21
27259,27259,1,81
27259,27259,3,81
27259,27259,3,21
27259,27259,1,21
27259,27259,4,81
27259,27259,3,21
27259,27259,3,21
27259,27259,4,21
27259,27259,4,81
27259,27259,2,21
27259,27259,1,21
27259,27259,1,81
27259,27259,1,23
27259,27259,3,81
27259,27259,3,21
27259,27259,1,72
27259,27259,3,52
27259,27259,2,81
27259,27259,1,52
27259,27259,2,48-49
27259,27259,1,52
27259,27259,4,72
27259,27259,3,81
27259,27259,3,81
27259,27259,4,52
27259,27259,1,72
27259,27259,1,61
27259,27259,4,61
27259,27259,4,21
27259,27259,3,81
27259,27259,2,23
27259,27259,1,21
27259,27259,4,81
27259,27259,2,72
27259,27259,4,81
27259,27259,1,72
27259,27259,2,81
27259,27259,1,81
27259,27259,3,81
27259,27259,2,62
27259,27259,4,81
27259,27259,4,21
27259,27259,1,81
27259,27259,2,21
27259,27259,2,21
27259,27259,1,21
27259,27259,4,81
27259,27259,4,81
27259,27259,4,72
27259,27259,4,52
27259,27259,4,21
27259,27259,2,72
27259,27259,4,81
27259,27259,2,23
27259,27259,1,21
27259,27259,3,61
27259,27259,1,23
27259,27259,1,72
27259,27259,4,81
27259,27259,4,81
27259,27259,3,81
27259,27259,4,81
27259,27259,2,81
27259,27259,2,62
27259,27259,1,52
27259,27259,2,21
27259,27259,1,81
27259,27259,3,81
27259,27259,1,81
27259,27259,1,81
27259,27259,4,21
27259,27259,4,81
27259,27259,2,81
27259,27259,1,21
27259,27259,2,81
27259,27259,2,81
27259,27259,2,81
27259,27259,1,72
27259,27259,4,81
27259,27259,2,81
27259,27259,1,81
27259,27259,4,48-49
27259,27259,4,81
27259,27259,1,21
27259,27259,2,72
27259,27259,3,21
27259,27259,1,72
27259,27259,2,81
27259,27259,2,81
27259,27259,2,81
27259,27259,1,81
27259,27259,1,61
27259,27259,1,81
27259,27259,1,81
27259,27259,3,81
27259,27259,2,81
27259,27259,4,72
27259,27259,3,21
27259,27259,1,21
27259,27259,2,81
27259,27259,3,81
27259,27259,4,81
27259,27259,4,21
27259,27259,3,21
27259,27259,1,81
27259,27259,1,81
27259,27259,1,81
27259,27259,1,81
27259,27259,3,61
27259,27259,1,81
27259,27259,4,81
27259,27259,3,72
27259,27259,3,81
27259,27259,4,72
27259,27259,4,81
27259,27259,1,81
27259,27259,2,23
27259,27259,4,21
27259,27259,1,52
27259,27259,1,72
27259,27259,4,81
27259,27259,4,81
27259,27259,3,81
27259,27259,3,81
27259,27259,1,81
27259,27259,4,21
27259,27259,4,48-49
27259,27259,1,81
27259,27259,4,81
27259,27259,1,61
27259,27259,4,21
27259,27259,1,81
27259,27259,4,21
27259,27259,1,81
27259,27259,3,81
27259,27259,3,52
27259,27259,2,81
27259,27259,4,81
27259,27259,1,72
27259,27259,2,81
27259,27259,3,81
27259,27259,4,81
27259,27259,1,72
27259,27259,4,48-49
27259,27259,2,21
27259,27259,1,21
27259,27259,4,81
27259,27259,3,21
27259,27259,4,21
27259,27259,1,21
27259,27259,1,81
27259,27259,3,81
27259,27259,2,21
27259,27259,3,21
27259,27259,1,81
27259,27259,4,81
27259,27259,2,81
27259,27259,3,81
27259,27259,4,81
27259,27259,1,21
27259,27259,3,21
27259,27259,3,81
27259,27259,3,72
27259,27259,1,61
27259,27259,1,81
27259,27259,1,72
27259,27259,1,72
27259,27259,4,21
27259,27259,3,21
27259,27259,2,72
27259,27259,4,81
27259,27259,4,21
27259,27259,4,81
27259,27259,3,61
27259,27259,1,81
27259,27259,4,21
27259,27259,4,81
27259,27259,4,81
27259,27259,1,81
27259,27259,1,21
27259,27259,4,81
27259,27259,3,61
27259,27259,3,81
27259,27259,2,72
27259,27259,4,81
27259,27259,3,81
27259,27259,4,21
27259,27259,3,81
27259,27259,3,23
27259,27259,4,81
27259,27259,4,81
27259,27259,1,81
27259,27259,1,81
27259,27259,3,81
27259,27259,2,61
27259,27259,3,52
27259,27259,1,81
27259,27259,2,81
27259,27259,3,81
27259,27259,1,81
27259,27259,1,81
27259,27259,4,81
27259,27259,1,23
27259,27289,3,62
27259,27289,4,81
27259,27289,3,72
27259,27289,1,81
27259,27289,3,81
27259,27289,4,23
27259,27289,2,81
27259,27289,3,81
27259,27289,1,81
27259,27289,1,21
27259,27289,4,81
27259,27289,2,23
27259,27289,2,61
27259,27289,1,62
27259,27289,2,81
27259,27289,2,81
27259,27289,4,21
27259,27289,1,81
27259,27289,3,81
27259,27289,1,48-49
27259,27289,3,81
27259,27289,1,23
27259,27289,1,21
27259,27289,1,81
27259,27289,1,21
27259,27289,1,81
27259,27289,4,81
27259,27289,4,81
27259,27289,2,81
27259,27289,4,81
27259,27289,3,81
27259,27289,1,61
27259,27289,1,81
27259,27289,2,61
27259,27289,1,81
27259,27289,2,61
27259,27289,4,62
27259,27289,4,81
27259,27289,4,81
27259,27289,3,81
27259,27289,3,62
27259,27289,4,81
27259,27289,2,81
27259,27289,4,81
27259,27277,2,23
27259,27277,1,81
27259,27277,1,23
27259,27277,4,81
27259,27277,1,81
27259,27277,4,23
27259,27277,3,81
27259,27277,3,23
27259,27277,3,81
27259,27277,3,23
27259,27277,2,81
27259,27277,1,81
27259,27277,1,23
27259,27277,1,81
27259,27277,3,48-49
27259,27277,1,81
27259,27277,1,62
27259,27277,4,81
27259,27325,3,81
27259,27325,1,23
27259,27325,1,21
27259,27313,3,81
27259,27334,4,11
27259,27310,4,72
27259,27310,4,81
27259,27310,3,81
27259,27310,3,81
27259,27310,3,21
27259,27331,4,81
27259,27367,4,11
27259,27367,1,11
27259,27355,3,92
27259,27355,4,81
27259,27355,1,92
27259,27376,2,61
27259,27376,1,81
27259,27376,1,23
27259,27385,2,61
27259,27346,1,81
27259,27391,1,62
27259,27409,1,48-49
27259,27409,4,81
27259,27409,4,81
27259,27418,1,61
27259,27418,4,81
27259,27418,4,81
27259,27433,2,11
27259,27388,4,23
27259,27403,4,81
27259,27430,3,21
27259,27430,4,81
27259,27430,4,21
27259,27190,4,81
27259,27190,1,81
27259,27178,1,81
27259,27172,4,72
27259,27172,4,81
27259,27163,2,81
27259,27163,1,81
27259,27211,2,61
27259,27226,3,21
27259,26887,2,21
27259,26887,4,81
27259,26884,1,81
27259,26884,1,72
27259,26899,2,72
27259,26881,4,81
27259,26944,4,81
27259,26938,2,81
27259,26938,2,81
27259,26908,1,52
27259,26908,4,81
27259,26908,4,61
27259,26908,4,81
27259,26908,1,21
27259,26914,4,81
27259,26914,1,92
27259,26914,1,72
27259,26953,1,48-49
27259,26953,1,23
27259,26953,2,23
27259,26920,2,52
27259,26920,4,23
27259,26920,1,23
27259,26920,4,23
27259,26911,1,81
27259,26965,2,21
27259,26965,2,81
27259,26965,2,81
27259,26968,4,61
27259,26968,4,81
27259,26974,2,72
27259,27013,4,21
27259,27013,4,21
27259,27031,3,92
27259,27031,1,72
27259,27031,1,52
27259,27037,1,72
27259,27052,3,81
27259,27064,1,81
27259,27070,4,81
27259,27070,1,52
27259,27109,2,81
27259,27109,1,21
27259,27097,1,21
27259,27094,4,72
27259,27466,1,23
27259,27466,2,21
27259,27466,3,81
27259,27466,1,21
27259,27466,2,21
27259,27469,1,21
27259,27469,1,81
27259,27469,2,23
27259,27469,4,81
27259,27469,4,11
27259,27469,1,72
27259,27469,4,81
27259,27469,4,21
27259,27469,1,81
27259,27472,4,81
27259,27472,4,72
27259,27472,1,48-49
27259,27472,2,21
27259,27472,3,62
27259,27472,1,81
27259,27472,1,48-49
27259,27472,2,23
27259,27472,4,48-49
27259,27472,3,81
27259,27475,3,52
27259,27475,2,48-49
27259,27475,2,23
27259,27475,4,81
27259,27475,3,61
27259,27475,4,81
27259,27475,1,52
27259,27475,4,48-49
27259,27475,1,21
27259,27475,1,23
27259,27475,1,72
27259,27475,4,48-49
27259,27475,2,81
27259,27484,2,81
27259,27484,1,81
27259,26851,3,81
27259,26839,2,72
27259,26782,3,48-49
27259,26782,2,81
27259,26787,1,21
27259,26770,1,81
27259,26770,4,81
27259,26770,1,21
27259,27643,2,81
27259,27646,2,81
27259,27655,4,81
27259,27655,2,92
27259,27619,1,81
27259,27619,3,81
27259,27619,4,23
27259,27622,1,21
27259,27622,1,21
27259,27616,3,81
27259,27460,4,81
27259,27460,1,81
27259,27460,1,21
27259,27460,1,48-49
27259,27460,2,81
27259,27454,2,72
27259,27454,2,21
27259,27445,2,11
27259,27445,1,21
27259,27445,2,52
27259,27445,4,11
27259,27445,1,81
27259,27445,1,72
27259,27436,2,21
27259,27436,3,81
27259,27436,2,11
27259,27574,2,48-49
27259,27580,4,81
27259,27589,2,81
27259,26827,4,81
27259,26815,2,81
27259,26797,3,48-49
27259,26812,1,62
27259,27544,2,61
27259,27664,1,81
27259,27664,1,92
27289,26734,2,81
27289,26734,3,81
27289,26737,1,21
27289,26740,1,92
27289,26740,4,61
27289,26740,1,52
27289,26740,1,62
27289,26740,3,21
27289,26740,3,48-49
27289,26740,1,52
27289,26740,1,92
27289,26740,3,21
27289,26740,2,72
27289,26740,2,81
27289,26740,2,72
27289,26740,1,62
27289,26743,1,72
27289,26743,1,52
27289,26743,2,81
27289,26749,1,52
27289,26749,4,21
27289,26749,1,81
27289,26749,1,81
27289,26758,1,81
27289,26758,2,48-49
27289,26758,1,92
27289,26758,1,23
27289,26746,1,21
27289,26746,1,23
27289,26746,1,52
27289,26746,2,81
27289,26746,3,52
27289,26752,2,81
27289,26752,4,52
27289,27139,1,62
27289,27139,2,81
27289,27139,3,81
27289,27139,1,81
27289,27139,1,81
27289,27124,4,52
27289,27142,4,21
27289,27142,1,21
27289,27298,1,81
27289,27274,3,81
27289,27274,1,21
27289,27274,3,81
27289,27274,4,48-49
27289,27274,4,81
27289,27265,4,81
27289,27265,1,48-49
27289,27265,1,72
27289,27265,3,81
27289,27265,3,81
27289,27265,2,72
27289,27265,1,81
27289,27265,1,81
27289,27265,1,72
27289,27265,2,48-49
27289,27265,1,92
27289,27265,1,48-49
27289,27265,3,81
27289,27265,1,62
27289,27265,4,81
27289,27265,3,81
27289,27265,4,61
27289,27265,1,72
27289,27265,1,81
27289,27265,1,21
27289,27262,3,81
27289,27262,1,81
27289,27262,1,81
27289,27262,3,81
27289,27262,1,81
27289,27262,1,48-49
27289,27262,1,61
27289,27262,1,62
27289,27262,2,81
27289,27262,3,81
27289,27262,1,81
27289,27262,4,81
27289,27262,3,81
27289,27262,4,21
27289,27262,3,81
27289,27262,4,81
27289,27262,1,81
27289,27256,1,81
27289,27256,1,92
27289,27256,3,48-49
27289,27256,1,81
27289,27256,1,52
27289,27256,1,21
27289,27256,1,81
27289,27256,3,23
27289,27256,3,81
27289,27256,3,81
27289,27256,4,21
27289,27256,1,48-49
27289,27256,3,48-49
27289,27256,1,23
27289,27256,2,62
27289,27256,1,81
27289,27256,4,81
27289,27256,2,48-49
27289,27259,4,81
27289,27259,1,21
27289,27259,1,21
27289,27259,2,81
27289,27259,4,21
27289,27259,1,81
27289,27259,1,21
27289,27259,2,62
27289,27259,1,81
27289,27259,1,21
27289,27259,3,81
27289,27259,2,72
27289,27259,2,48-49
27289,27259,1,81
27289,27259,1,81
27289,27259,1,81
27289,27259,3,62
27289,27259,3,21
27289,27259,4,72
27289,27259,4,72
27289,27259,1,81
27289,27259,3,21
27289,27259,1,72
27289,27259,3,81
27289,27259,2,21
27289,27259,4,81
27289,27259,4,21
27289,27259,1,81
27289,27259,2,81
27289,27259,2,81
27289,27259,2,81
27289,27259,3,21
27289,27259,3,81
27289,27259,1,21
27289,27259,1,72
27289,27259,1,72
27289,27259,3,81
27289,27259,4,81
27289,27259,3,81
27289,27259,3,81
27289,27259,3,81
27289,27259,1,48-49
27289,27289,1,81
27289,27289,2,81
27289,27289,1,21
27289,27289,2,81
27289,27289,1,81
27289,27289,3,52
27289,27289,3,61
27289,27289,3,81
27289,27289,3,81
27289,27289,1,81
27289,27289,4,21
27289,27289,2,21
27289,27289,1,81
27289,27289,1,92
27289,27289,2,81
27289,27289,1,81
27289,27289,1,21
27289,27289,3,81
27289,27289,3,81
27289,27289,3,52
27289,27289,1,81
27289,27289,3,23
27289,27289,2,62
27289,27289,1,23
27289,27289,1,81
27289,27289,3,81
27289,27289,1,81
27289,27289,2,61
27289,27289,1,81
27289,27289,1,72
27289,27289,3,81
27289,27289,1,81
27289,27289,2,92
27289,27289,2,81
27289,27289,2,81
27289,27289,1,81
27289,27289,2,23
27289,27289,2,81
27289,27289,3,62
27289,27289,3,81
27289,27289,3,81
27289,27289,1,61
27289,27289,4,23
27289,27289,1,81
27289,27289,3,62
27289,27289,2,48-49
27289,27289,2,81
27289,27289,3,62
27289,27289,2,81
27289,27289,3,81
27289,27289,1,23
27289,27289,2,21
27289,27289,4,21
27289,27289,2,52
27289,27289,3,21
27289,27289,1,61
27289,27289,1,81
27289,27289,1,92
27289,27289,1,92
27289,27289,1,21
27289,27289,3,23
27289,27289,2,81
27289,27289,1,92
27289,27289,1,81
27289,27289,3,72
27289,27289,1,81
27289,27289,1,48-49
27289,27289,2,81
27289,27289,2,92
27289,27289,3,81
27289,27289,1,81
27289,27289,1,92
27289,27289,2,23
27289,27289,2,81
27289,27289,1,81
27289,27289,2,72
27289,27289,1,48-49
27289,27289,2,23
27289,27289,2,52
27289,27289,3,92
27289,27289,1,81
27289,27289,1,62
27289,27289,1,81
27289,27289,1,81
27289,27289,1,61
27289,27289,1,81
27289,27289,2,92
27289,27289,2,72
27289,27289,2,81
27289,27289,1,48-49
27289,27289,1,81
27289,27289,1,21
27289,27289,3,23
27289,27289,1,21
27289,27289,2,81
27289,27289,1,72
27289,27289,2,62
27289,27289,3,81
27289,27289,2,92
27289,27289,1,81
27289,27289,4,81
27289,27289,2,23
27289,27289,2,81
27289,27289,3,81
27289,27289,1,81
27289,27289,1,21
27289,27289,4,61
27289,27289,1,81
27289,27289,1,81
27289,27289,1,62
27289,27289,1,52
27289,27289,1,81
27289,27289,1,81
27289,27289,3,81
27289,27289,1,81
27289,27289,1,81
27289,27289,1,81
27289,27289,1,81
27289,27289,1,52
27289,27289,4,81
27289,27289,1,23
27289,27289,1,52
27289,27289,1,81
27289,27289,1,72
27289,27289,1,21
27289,27289,2,81
27289,27289,1,61
27289,27289,3,81
27289,27289,4,52
27289,27289,1,61
27289,27289,1,62
27289,27289,1,81
27289,27289,1,21
27289,27289,2,81
27289,27289,2,48-49
27289,27289,1,21
27289,27289,1,81
27289,27289,3,81
27289,27289,1,61
27289,27289,1,81
27289,27289,3,23
27289,27289,3,81
27289,27289,1,81
27289,27289,1,21
27289,27289,4,61
27289,27289,1,81
27289,27289,1,81
27289,27289,1,81
27289,27289,2,81
27289,27289,4,81
27289,27289,3,48-49
27289,27289,1,81
27289,27289,1,23
27289,27289,4,81
27289,27289,1,81
27289,27289,1,21
27289,27289,1,81
27289,27289,1,81
27289,27289,1,81
27289,27289,3,81
27289,27289,1,81
27289,27289,2,81
27289,27289,2,23
27289,27289,2,81
27289,27289,2,92
27289,27289,3,81
27289,27289,2,61
27289,27289,4,23
27289,27289,3,21
27289,27289,2,52
27289,27289,1,81
27289,27289,3,61
27289,27289,1,81
27289,27289,2,81
27289,27289,1,62
27289,27289,4,81
27289,27289,2,81
27289,27289,1,81
27289,27289,3,72
27289,27289,4,81
27289,27289,2,61
27289,27289,3,23
27289,27289,3,23
27289,27289,3,81
27289,27289,1,81
27289,27289,1,81
27289,27289,3,48-49
27289,27289,1,61
27289,27289,1,72
27289,27289,1,81
27289,27289,3,81
27289,27289,3,81
27289,27289,1,72
27289,27289,1,72
27289,27289,2,81
27289,27289,3,81
27289,27289,1,81
27289,27289,1,81
27289,27289,1,21
27289,27289,1,81
27289,27289,1,81
27289,27289,3,61
27289,27289,3,92
27289,27289,4,61
27289,27289,1,81
27289,27289,1,81
27289,27289,1,62
27289,27289,1,81
27289,27289,3,23
27289,27289,2,81
27289,27289,1,81
27289,27289,2,62
27289,27289,2,81
27289,27289,3,81
27289,27289,4,81
27289,27289,1,81
27289,27289,4,81
27289,27289,1,81
27289,27289,1,52
27289,27289,1,81
27289,27289,4,81
27289,27289,3,81
27289,27289,1,21
27289,27289,4,61
27289,27289,1,48-49
27289,27289,2,52
27289,27289,1,81
27289,27289,3,81
27289,27289,2,62
27289,27277,1,81
27289,27277,4,81
27289,27277,3,21
27289,27277,2,81
27289,27277,4,48-49
27289,27277,1,81
27289,27277,3,81
27289,27277,1,62
27289,27277,2,81
27289,27277,1,81
27289,27277,4,48-49
27289,27277,1,61
27289,27277,3,62
27289,27277,1,81
27289,27277,1,62
27289,27277,1,81
27289,27277,3,92
27289,27277,1,62
27289,27277,3,81
27289,27277,2,48-49
27289,27277,1,81
27289,27277,3,81
27289,27277,1,81
27289,27277,2,23
27289,27277,1,81
27289,27277,2,81
27289,27277,4,23
27289,27277,1,81
27289,27277,2,92
27289,27277,1,23
27289,27277,2,48-49
27289,27277,3,81
27289,27277,4,62
27289,27277,3,81
27289,27277,4,81
27289,27277,1,81
27289,27277,1,81
27289,27277,4,62
27289,27277,2,81
27289,27277,4,81
27289,27277,3,81
27289,27277,3,81
27289,27277,1,81
27289,27277,1,23
27289,27277,1,92
27289,27277,3,62
27289,27277,2,81
27289,27277,3,48-49
27289,27277,2,23
27289,27337,2,72
27289,27304,3,81
27289,27304,1,81
27289,27304,3,11
27289,27304,2,61
27289,27304,1,81
27289,27310,4,62
27289,27310,2,62
27289,27343,2,81
27289,27370,3,72
27289,27418,3,81
27289,27433,1,81
27289,27403,1,81
27289,27400,1,72
27289,27400,1,23
27289,27190,1,21
27289,27172,1,61
27289,27172,1,61
27289,27172,2,81
27289,27172,3,81
27289,27172,1,81
27289,27169,3,92
27289,27220,2,81
27289,27253,1,81
27289,26893,3,81
27289,26887,1,23
27289,26920,1,48-49
27289,26920,1,81
27289,26920,1,52
27289,26965,3,72
27289,26974,3,21
27289,26974,1,72
27289,26974,1,81
27289,26974,2,81
27289,26974,1,72
27289,27007,1,81
27289,27013,3,21
27289,27016,4,21
27289,27052,1,81
27289,27052,1,81
27289,27064,3,81
27289,27049,3,81
27289,27109,1,81
27289,27109,1,72
27289,27088,1,52
27289,27088,3,72
27289,27088,1,52
27289,27097,4,48-49
27289,27094,1,81
27289,27466,2,48-49
27289,27466,2,48-49
27289,27466,3,11
27289,27466,2,48-49
27289,27466,4,81
27289,27466,1,11
27289,27466,4,21
27289,27466,1,21
27289,27466,2,81
27289,27466,3,21
27289,27466,1,81
27289,27466,3,48-49
27289,27466,1,21
27289,27466,1,81
27289,27466,1,21
27289,27466,3,21
27289,27466,1,21
27289,27469,1,52
27289,27469,3,23
27289,27469,2,21
27289,27469,3,48-49
27289,27472,3,81
27289,27472,1,81
27289,27472,1,48-49
27289,27472,3,81
27289,27472,4,21
27289,27472,2,81
27289,27472,2,81
27289,27472,3,81
27289,27472,3,81
27289,27472,1,81
27289,27472,1,81
27289,27472,4,52
27289,27475,2,21
27289,27475,1,81
27289,27475,2,72
27289,27475,1,52
27289,27475,2,72
27289,27475,3,81
27289,27475,1,62
27289,27475,1,23
27289,27475,4,72
27289,27475,1,81
27289,27484,1,23
27289,27484,3,72
27289,27484,1,52
27289,27484,2,48-49
27289,26839,1,92
27289,26785,1,81
27289,26776,4,21
27289,26776,2,21
27289,27646,1,81
27289,27646,2,81
27289,27604,3,21
27289,27445,1,11
27289,27445,2,81
27289,27445,1,81
27289,27562,1,11
27289,27562,1,61
27289,26794,2,21
27289,26827,1,48-49
27289,26815,1,11
27289,26797,3,11
27289,26797,1,81
27289,26812,3,81
27289,26812,2,81
27277,26737,1,72
27277,26737,1,72
27277,26737,3,21
27277,26737,3,21
27277,26740,3,92
27277,26740,2,61
27277,26743,2,11
27277,26743,1,72
27277,26743,3,92
27277,26743,2,21
27277,26743,3,11
27277,26758,1,81
27277,26758,3,72
27277,26746,1,92
27277,26761,2,48-49
27277,27139,1,92
27277,27139,2,23
27277,27139,1,81
27277,27298,1,81
27277,27298,2,48-49
27277,27298,3,62
27277,27274,1,81
27277,27274,1,81
27277,27274,1,81
27277,27274,3,52
27277,27274,2,81
27277,27265,2,81
27277,27265,4,81
27277,27265,1,81
27277,27265,1,61
27277,27265,3,23
27277,27265,1,72
27277,27265,1,21
27277,27265,1,81
27277,27262,3,81
27277,27262,3,81
27277,27262,3,81
27277,27262,3,81
27277,27262,1,81
27277,27262,4,81
27277,27262,1,21
27277,27262,4,81
27277,27262,2,81
27277,27262,2,81
27277,27262,2,21
27277,27262,2,81
27277,27256,2,72
27277,27256,4,52
27277,27256,2,81
27277,27259,1,81
27277,27259,1,21
27277,27259,3,21
27277,27259,3,81
27277,27259,2,81
27277,27259,1,81
27277,27259,2,23
27277,27259,1,48-49
27277,27259,1,48-49
27277,27259,3,23
27277,27259,1,21
27277,27259,1,81
27277,27259,3,21
27277,27259,3,81
27277,27259,3,81
27277,27259,3,21
27277,27259,3,81
27277,27259,1,23
27277,27259,1,81
27277,27289,4,62
27277,27289,4,23
27277,27289,1,62
27277,27289,1,72
27277,27289,3,21
27277,27289,3,81
27277,27289,3,81
27277,27289,1,72
27277,27289,1,48-49
27277,27289,4,81
27277,27289,3,81
27277,27289,3,92
27277,27289,1,81
27277,27289,3,21
27277,27289,2,61
27277,27289,1,81
27277,27289,2,81
27277,27289,1,81
27277,27289,1,21
27277,27289,4,23
27277,27289,1,23
27277,27289,1,52
27277,27289,3,61
27277,27289,4,81
27277,27289,1,21
27277,27289,1,62
27277,27289,3,81
27277,27289,1,48-49
27277,27289,1,72
27277,27289,4,81
27277,27289,3,61
27277,27289,1,48-49
27277,27289,1,61
27277,27289,3,81
27277,27289,1,81
27277,27289,1,81
27277,27289,1,81
27277,27289,4,21
27277,27289,2,81
27277,27289,4,81
27277,27289,2,81
27277,27289,3,81
27277,27289,2,48-49
27277,27289,1,81
27277,27289,4,81
27277,27289,1,23
27277,27289,4,61
27277,27289,4,81
27277,27289,1,23
27277,27277,2,81
27277,27277,2,81
27277,27277,4,62
27277,27277,4,81
27277,27277,4,81
27277,27277,1,81
27277,27277,4,62
27277,27277,3,81
27277,27277,3,23
27277,27277,1,21
27277,27277,3,81
27277,27277,1,23
27277,27277,1,81
27277,27277,1,21
27277,27277,1,81
27277,27277,4,81
27277,27277,3,48-49
27277,27277,2,72
27277,27277,1,48-49
27277,27277,1,62
27277,27277,1,48-49
27277,27277,3,81
27277,27277,3,62
27277,27277,4,92
27277,27277,1,81
27277,27277,1,62
27277,27277,4,92
27277,27277,1,81
27277,27277,4,48-49
27277,27277,2,81
27277,27277,1,62
27277,27277,4,23
27277,27277,2,48-49
27277,27277,1,81
27277,27277,4,81
27277,27277,3,81
27277,27277,2,92
27277,27277,2,48-49
27277,27277,4,81
27277,27277,1,81
27277,27277,1,21
27277,27277,3,62
27277,27277,1,61
27277,27277,1,72
27277,27277,1,81
27277,27277,2,21
27277,27277,3,48-49
27277,27277,3,23
27277,27277,1,81
27277,27277,2,21
27277,27277,1,62
27277,27277,3,81
27277,27277,3,62
27277,27277,3,81
27277,27277,2,48-49
27277,27277,3,81
27277,27277,1,48-49
27277,27277,1,23
27277,27277,3,81
27277,27277,1,48-49
27277,27277,4,92
27277,27277,2,61
27277,27277,3,92
27277,27277,3,61
27277,27277,4,81
27277,27277,1,81
27277,27277,1,81
27277,27277,3,81
27277,27277,3,48-49
27277,27277,1,48-49
27277,27277,2,81
27277,27277,2,81
27277,27277,3,92
27277,27277,3,92
27277,27277,1,81
27277,27277,4,92
27277,27277,1,81
27277,27277,3,72
27277,27277,1,81
27277,27277,4,81
27277,27277,1,48-49
27277,27277,1,48-49
27277,27277,2,62
27277,27277,3,23
27277,27277,1,62
27277,27277,3,81
27277,27277,2,81
27277,27277,2,81
27277,27325,3,81
27277,27307,3,48-49
27277,27304,3,81
27277,27304,1,21
27277,27310,3,81
27277,27433,2,81
27277,27181,1,52
27277,27187,2,81
27277,27172,1,72
27277,27172,1,21
27277,27208,1,72
27277,26875,1,81
27277,26908,1,23
27277,26914,1,72
27277,26914,3,23
27277,26965,1,92
27277,27052,2,81
27277,27052,4,23
27277,27049,1,92
27277,27094,2,52
27277,27094,3,72
27277,27466,3,81
27277,27466,1,21
27277,27466,3,81
27277,27466,3,81
27277,27466,3,81
27277,27466,2,81
27277,27466,3,81
27277,27466,2,81
27277,27469,1,81
27277,27469,2,11
27277,27469,3,48-49
27277,27469,3,81
27277,27472,1,81
27277,27472,4,23
27277,27472,1,21
27277,27472,2,81
27277,27472,1,72
27277,27472,3,48-49
27277,27472,2,81
27277,27472,2,81
27277,27475,1,61
27277,27475,1,81
27277,27475,2,72
27277,27475,3,72
27277,27475,3,81
27277,27493,1,21
27277,26839,2,81
27277,27643,2,81
27277,27460,1,21
27277,27460,3,81
27277,27460,3,48-49
27277,27460,3,11
27277,27601,1,81
27277,27499,1,81
27325,27256,1,11
27325,27259,1,72
27325,27259,4,21
27325,27259,3,72
27325,27277,1,92
27313,27274,3,23
27313,27274,3,92
27313,27274,1,81
27313,27256,4,81
27313,27259,3,81
27307,27298,1,61
27307,27274,1,48-49
27307,27265,2,81
27307,27265,3,48-49
27307,27265,3,81
27307,27277,1,81
27301,27274,1,72
27301,27274,1,48-49
27301,27274,1,62
27301,27256,1,92
27334,27259,1,52
27337,27265,3,81
27337,27265,3,52
27337,27289,4,81
27322,27274,1,81
27316,27256,1,81
27304,27298,3,48-49
27304,27262,3,23
27304,27256,3,48-49
27304,27256,3,48-49
27304,27289,3,21
27304,27289,3,23
27304,27289,3,81
27304,27289,2,21
27304,27289,2,81
27304,27277,2,81
27304,27277,3,62
27340,27277,2,81
27328,27298,1,48-49
27328,27265,1,81
27328,27256,4,48-49
27310,27298,4,81
27310,27262,2,72
27310,27262,1,62
27310,27262,1,81
27310,27262,1,81
27310,27259,4,21
27310,27259,4,81
27310,27259,4,72
27310,27259,4,72
27310,27259,2,81
27310,27289,2,81
27310,27289,4,81
27310,27277,1,81
27343,27265,4,62
27343,27289,3,21
27331,27274,4,81
27331,27265,3,61
27331,27265,3,61
27331,27259,3,81
27370,27289,3,81
27367,27274,3,21
27367,27256,1,81
27367,27259,4,81
27355,27259,2,21
27355,27259,1,72
27355,27259,1,72
27355,27259,1,21
27376,27262,1,81
27376,27259,3,81
27376,27259,3,72
27376,27259,2,81
27385,27259,4,21
27358,27262,1,81
27346,27298,4,81
27346,27262,3,81
27346,27256,2,52
27346,27259,4,81
27391,27298,1,72
27391,27298,1,81
27391,27256,4,52
27391,27256,2,81
27391,27259,1,21
27409,27298,3,81
27409,27259,4,21
27409,27259,1,61
27409,27259,4,21
27418,27298,4,23
27418,27274,3,62
27418,27265,2,81
27418,27265,3,61
27418,27256,4,81
27418,27259,2,61
27418,27259,1,81
27418,27259,2,81
27418,27289,2,52
27424,27274,4,23
27424,27274,1,81
27433,27274,3,21
27433,27274,4,81
27433,27274,3,81
27433,27265,1,81
27433,27265,3,21
27433,27262,1,81
27433,27259,4,81
27433,27289,1,81
27433,27277,2,81
27388,27298,3,81
27403,27265,3,72
27403,27262,4,81
27403,27259,2,61
27403,27289,3,48-49
27400,27265,1,52
27400,27256,1,62
27400,27259,3,81
27430,27298,4,61
27430,27259,4,81
27430,27259,1,81
27430,27259,3,72
27190,27256,4,81
27190,27259,3,72
27190,27259,4,21
27190,27259,4,21
27181,27256,3,81
27181,27256,4,48-49
27181,27277,4,81
27187,27277,4,48-49
27202,27262,1,92
27196,27298,3,81
27196,27265,4,23
27178,27274,3,48-49
27178,27262,3,81
27178,27256,2,48-49
27178,27256,3,81
27178,27256,3,81
27178,27259,3,72
27172,27274,1,48-49
27172,27274,1,81
27172,27265,2,23
27172,27256,4,48-49
27172,27259,4,23
27172,27289,3,81
27172,27289,3,81
27172,27289,4,81
27172,27289,1,81
27172,27289,1,81
27172,27277,3,81
27172,27277,1,21
27166,27265,1,81
27166,27265,1,61
27166,27265,1,72
27166,27262,1,81
27166,27262,1,62
27169,27256,4,81
27169,27289,4,61
27163,27274,4,72
27163,27265,2,48-49
27163,27262,4,81
27163,27259,4,61
27163,27259,2,81
27250,27274,1,48-49
27220,27274,4,81
27220,27289,1,81
27241,27262,1,81
27211,27274,4,48-49
27211,27274,2,72
27211,27274,4,81
27211,27274,1,72
27211,27274,1,52
27211,27274,3,21
27211,27262,3,81
27211,27262,2,92
27211,27259,2,21
27238,27265,2,61
27238,27265,4,62
27238,27262,3,81
27226,27259,3,21
27226,27259,3,21
27208,27265,3,81
27208,27265,4,81
27208,27262,4,81
27208,27262,2,81
27208,27277,4,81
27253,27289,4,81
26893,27274,2,81
26893,27262,4,21
26893,27262,2,62
26893,27289,1,21
26887,27274,2,23
26887,27256,3,48-49
26887,27256,3,92
26887,27256,4,62
26887,27256,1,81
26887,27259,4,21
26887,27259,3,48-49
26884,27259,3,48-49
26899,27256,2,81
26899,27256,2,81
26899,27256,2,81
26899,27259,2,21
26881,27265,4,81
26881,27262,4,81
26881,27259,2,81
26872,27265,2,81
26875,27277,1,81
26944,27256,3,72
26944,27259,4,23
26938,27265,4,62
26938,27262,2,81
26938,27256,1,92
26938,27256,2,81
26938,27256,1,81
26938,27256,1,81
26938,27256,2,48-49
26938,27256,3,81
26938,27256,1,52
26938,27259,1,61
26908,27274,4,81
26908,27274,3,21
26908,27265,3,62
26908,27259,3,81
26908,27259,3,61
26908,27259,3,81
26908,27259,3,21
26908,27277,3,81
26908,27277,3,62
26908,27277,1,81
26914,27262,3,81
26914,27256,2,81
26914,27259,1,81
26914,27259,4,72
26914,27259,3,81
26914,27259,3,72
26914,27277,3,92
26914,27277,1,48-49
26905,27289,3,81
26953,27274,4,48-49
26953,27265,3,72
26953,27265,4,62
26953,27262,2,81
26953,27256,1,81
26953,27259,3,21
26953,27259,4,81
26953,27259,4,21
26920,27298,4,21
26920,27274,2,52
26920,27274,4,72
26920,27274,1,52
26920,27265,3,81
26920,27265,4,48-49
26920,27265,4,61
26920,27265,1,81
26920,27265,3,21
26920,27265,1,81
26920,27265,4,72
26920,27265,3,72
26920,27262,2,92
26920,27262,2,92
26920,27262,4,21
26920,27262,3,81
26920,27256,4,81
26920,27256,1,81
26920,27256,3,81
26920,27256,3,21
26920,27259,1,62
26920,27259,2,81
26920,27259,3,23
26920,27259,2,81
26920,27259,1,81
26920,27289,4,81
26920,27289,3,92
26920,27289,3,21
26911,27274,4,52
26911,27256,2,81
26911,27259,3,81
26965,27274,3,62
26965,27274,4,81
26965,27274,4,81
26965,27274,4,81
26965,27262,4,81
26965,27262,4,81
26965,27262,4,81
26965,27262,4,48-49
26965,27262,4,62
26965,27259,4,81
26965,27259,4,81
26965,27259,3,81
26965,27289,4,81
26965,27277,3,23
26980,27262,2,81
26980,27256,4,48-49
26968,27274,3,62
26968,27274,3,81
26968,27265,3,81
26968,27265,4,81
26968,27259,4,81
26968,27259,3,48-49
26974,27274,4,81
26974,27274,3,21
26974,27256,4,23
26974,27289,3,81
26974,27289,3,48-49
26974,27289,1,81
26974,27289,2,81
26974,27289,4,92
27007,27259,3,81
27007,27289,1,52
26986,27298,4,81
26986,27256,4,52
27001,27265,4,62
27001,27265,4,81
27001,27265,3,81
26992,27256,4,81
26983,27265,3,81
26983,27262,4,81
26983,27256,1,81
27010,27265,4,81
27013,27274,2,48-49
27013,27265,1,81
27013,27256,2,81
27013,27259,2,81
27013,27259,2,21
27013,27289,4,48-49
27016,27265,2,81
27016,27265,2,81
27016,27262,1,81
27016,27256,3,21
27016,27289,1,81
27025,27256,1,21
27025,27256,1,81
27031,27259,3,72
27031,27259,4,81
27031,27259,3,72
27037,27256,3,81
27037,27259,3,21
27052,27262,3,81
27052,27256,3,61
27052,27256,4,21
27052,27259,2,72
27052,27259,2,23
27052,27289,4,81
27052,27289,3,92
27052,27277,2,62
27052,27277,1,81
27043,27298,3,52
27043,27274,4,81
27043,27256,4,21
27064,27259,3,81
27064,27289,1,21
27049,27274,2,72
27049,27289,4,81
27049,27277,3,81
27070,27256,4,81
27070,27259,1,52
27070,27259,2,81
27067,27265,3,81
27067,27262,3,81
27109,27274,2,81
27109,27259,2,21
27109,27259,1,52
27109,27289,1,81
27109,27289,1,81
27088,27274,3,52
27088,27274,3,48-49
27088,27274,4,81
27088,27265,2,48-49
27088,27262,4,81
27088,27289,3,81
27088,27289,3,21
27088,27289,3,62
27097,27256,2,81
27097,27259,2,62
27097,27259,2,81
27094,27274,4,72
27094,27259,4,81
27094,27259,2,81
27094,27289,1,81
27094,27277,4,62
27094,27277,4,92
27466,27298,4,81
27466,27298,4,81
27466,27298,4,48-49
27466,27298,4,48-49
27466,27274,4,81
27466,27274,1,48-49
27466,27274,3,81
27466,27274,2,81
27466,27274,4,81
27466,27274,3,81
27466,27274,2,52
27466,27274,4,81
27466,27274,2,61
27466,27274,3,81
27466,27274,3,92
27466,27274,2,81
27466,27274,2,52
27466,27274,3,81
27466,27265,3,62
27466,27265,2,52
27466,27265,4,72
27466,27265,4,81
27466,27265,2,72
27466,27265,2,81
27466,27265,4,81
27466,27262,4,62
27466,27262,3,72
27466,27262,4,81
27466,27262,3,81
27466,27262,2,81
27466,27262,4,81
27466,27256,1,81
27466,27256,2,81
27466,27259,2,81
27466,27259,3,21
27466,27259,4,61
27466,27259,3,21
27466,27259,3,21
27466,27289,4,81
27466,27289,1,61
27466,27289,1,62
27466,27289,2,81
27466,27289,2,81
27466,27289,4,48-49
27466,27289,2,72
27466,27289,3,92
27466,27289,2,81
27466,27289,3,23
27466,27289,2,81
27466,27289,1,81
27466,27289,4,81
27466,27289,3,23
27466,27289,4,61
27466,27289,2,21
27466,27277,4,62
27466,27277,3,48-49
27466,27277,4,48-49
27466,27277,3,48-49
27466,27277,1,21
27466,27277,4,62
27466,27277,4,62
27466,27277,1,62
27469,27298,1,48-49
27469,27274,1,72
27469,27274,4,81
27469,27265,3,81
27469,27265,3,81
27469,27265,2,81
27469,27265,3,81
27469,27265,3,62
27469,27262,4,81
27469,27256,3,52
27469,27256,4,92
27469,27256,3,81
27469,27256,4,48-49
27469,27256,4,81
27469,27256,4,81
27469,27256,2,81
27469,27259,2,81
27469,27259,4,61
27469,27259,2,21
27469,27259,4,61
27469,27259,1,81
27469,27259,4,61
27469,27259,1,81
27469,27259,2,21
27469,27289,4,48-49
27469,27289,3,21
27469,27289,2,81
27469,27289,2,81
27469,27289,4,61
27469,27277,4,81
27469,27277,3,81
27469,27277,2,21
27469,27277,3,61
27472,27274,4,72
27472,27274,1,48-49
27472,27274,3,92
27472,27274,4,81
27472,27265,2,62
27472,27265,2,81
27472,27265,1,81
27472,27265,3,61
27472,27265,3,81
27472,27265,3,81
27472,27262,2,62
27472,27262,2,81
27472,27262,3,81
27472,27262,3,81
27472,27262,4,81
27472,27262,3,81
27472,27262,4,81
27472,27256,4,81
27472,27259,4,61
27472,27259,4,21
27472,27259,1,81
27472,27259,4,21
27472,27259,4,81
27472,27259,4,21
27472,27259,4,21
27472,27259,3,21
27472,27259,3,81
27472,27259,3,81
27472,27259,4,81
27472,27289,1,72
27472,27289,3,81
27472,27289,4,81
27472,27289,3,61
27472,27289,2,92
27472,27289,1,81
27472,27289,4,72
27472,27289,4,62
27472,27289,4,81
27472,27289,4,81
27472,27289,3,81
27472,27289,3,23
27472,27277,1,48-49
27472,27277,4,81
27472,27277,4,48-49
27472,27277,4,81
27472,27277,4,48-49
27472,27277,2,62
27472,27277,4,81
27472,27277,1,23
27475,27298,3,62
27475,27298,1,81
27475,27274,4,72
27475,27274,3,81
27475,27274,3,81
27475,27274,4,48-49
27475,27274,4,81
27475,27274,4,62
27475,27274,3,81
27475,27274,4,21
27475,27274,4,72
27475,27274,2,81
27475,27274,3,81
27475,27274,3,72
27475,27274,3,81
27475,27274,3,81
27475,27274,2,21
27475,27274,3,81
27475,27274,1,48-49
27475,27265,4,81
27475,27265,2,52
27475,27265,2,72
27475,27265,4,81
27475,27265,1,81
27475,27265,4,81
27475,27265,4,48-49
27475,27265,2,52
27475,27265,1,81
27475,27265,4,81
27475,27265,4,81
27475,27265,3,72
27475,27265,2,23
27475,27265,2,52
27475,27265,3,81
27475,27265,3,48-49
27475,27265,3,92
27475,27262,4,81
27475,27262,3,81
27475,27262,3,81
27475,27262,4,81
27475,27262,4,81
27475,27262,4,81
27475,27262,3,81
27475,27262,1,92
27475,27262,3,72
27475,27262,4,81
27475,27262,4,72
27475,27262,1,72
27475,27259,3,48-49
27475,27259,4,81
27475,27259,1,72
27475,27259,1,23
27475,27259,4,81
27475,27259,3,23
27475,27259,4,21
27475,27259,2,62
27475,27259,3,48-49
27475,27259,1,81
27475,27259,3,81
27475,27259,4,81
27475,27259,2,81
27475,27259,3,72
27475,27289,4,81
27475,27289,2,52
27475,27289,3,61
27475,27289,3,62
27475,27289,2,52
27475,27289,3,72
27475,27289,2,62
27475,27289,1,62
27475,27289,2,62
27475,27277,2,81
27475,27277,2,81
27475,27277,1,92
27475,27277,4,23
27484,27274,3,72
27484,27265,3,81
27484,27265,4,72
27484,27265,4,52
27484,27265,3,81
27484,27265,4,81
27484,27262,4,72
27484,27256,2,81
27484,27256,4,81
27484,27256,3,81
27484,27256,4,62
27484,27256,4,81
27484,27259,2,21
27484,27259,1,21
27484,27289,1,81
27484,27289,3,81
27484,27289,2,23
27493,27298,4,48-49
27493,27274,4,81
27493,27265,4,81
27493,27262,4,81
27493,27277,1,81
26851,27256,1,48-49
26851,27256,2,72
26851,27259,4,81
26839,27274,4,72
26839,27256,1,81
26839,27289,4,81
26839,27277,4,81
26854,27259,3,21
26830,27256,2,48-49
26833,27256,3,72
26836,27256,1,81
26842,27265,1,81
26842,27256,2,52
26782,27265,2,21
26782,27256,2,81
26782,27259,4,21
26782,27259,1,61
26787,27259,3,21
26785,27256,1,81
26785,27256,2,81
26785,27289,1,81
26776,27289,2,23
26776,27289,1,81
26770,27259,3,81
26770,27259,1,81
26770,27259,1,81
26770,27289,2,81
26764,27265,3,81
26764,27262,2,81
27643,27259,3,21
27643,27277,3,62
27646,27298,2,11
27646,27274,2,81
27646,27274,2,81
27646,27265,2,23
27646,27265,2,72
27646,27259,4,21
27646,27289,1,62
27646,27289,1,61
27649,27256,2,81
27652,27274,4,72
27658,27256,3,81
27655,27259,2,21
27604,27298,4,21
27604,27265,4,52
27604,27289,2,81
27640,27298,4,52
27619,27274,4,52
27619,27274,2,72
27619,27262,2,81
27619,27256,4,81
27619,27259,3,61
27619,27259,1,81
27619,27259,1,81
27622,27262,3,81
27622,27259,4,72
27622,27259,2,21
27625,27298,1,81
27625,27256,1,81
27625,27256,1,62
27616,27259,2,48-49
27460,27256,2,48-49
27460,27259,4,72
27460,27259,2,21
27460,27259,1,81
27460,27259,4,81
27460,27259,4,23
27460,27277,4,81
27460,27277,1,81
27460,27277,4,62
27460,27277,3,48-49
27454,27265,1,81
27454,27265,1,81
27454,27262,4,81
27454,27256,4,81
27454,27256,3,62
27454,27259,2,61
27454,27259,1,81
27445,27274,1,81
27445,27274,3,81
27445,27259,2,21
27445,27259,1,21
27445,27259,2,21
27445,27259,3,81
27445,27259,4,21
27445,27259,4,21
27445,27289,3,81
27445,27289,3,81
27445,27289,2,23
27436,27298,3,92
27436,27298,3,52
27436,27298,2,61
27436,27259,4,81
27436,27259,3,81
27436,27259,4,72
27436,27259,4,72
27601,27274,3,48-49
27601,27265,1,52
27601,27277,3,23
27637,27265,1,81
27574,27259,1,48-49
27562,27274,3,81
27562,27262,2,81
27562,27289,3,81
27562,27289,2,21
27580,27259,1,81
27589,27259,4,81
26794,27274,1,72
26794,27274,4,21
26794,27265,4,48-49
26794,27289,1,23
26827,27265,1,23
26827,27265,2,81
26827,27259,1,72
26827,27289,4,21
26815,27265,3,48-49
26815,27256,1,81
26815,27259,1,21
26815,27289,1,81
26800,27274,2,81
26797,27262,4,81
26797,27262,3,81
26797,27262,1,81
26797,27262,2,72
26797,27262,3,81
26797,27259,2,21
26797,27289,3,48-49
26797,27289,4,81
26809,27262,1,81
26809,27262,2,81
26812,27259,3,21
26812,27289,3,81
26812,27289,1,81
27535,27274,4,81
27535,27262,3,81
27535,27262,3,81
27535,27262,4,81
27535,27262,3,81
27544,27259,1,72
27499,27274,3,81
27499,27277,3,81
27664,27262,1,81
27664,27256,1,62
27664,27259,1,48-49
27664,27259,1,21
